-- phpMyAdmin SQL Dump
-- version 4.7.3
-- https://www.phpmyadmin.net/
--
-- Хост: 127.0.0.1:3306
-- Время создания: Авг 13 2018 г., 10:08
-- Версия сервера: 5.6.37
-- Версия PHP: 7.1.7

SET SQL_MODE = "NO_AUTO_VALUE_ON_ZERO";
SET AUTOCOMMIT = 0;
START TRANSACTION;
SET time_zone = "+00:00";

--
-- База данных: `vseinstrumenti-promo`
--

-- --------------------------------------------------------

--
-- Структура таблицы `courier`
--

CREATE TABLE `courier` (
  `id` int(11) NOT NULL,
  `surname` varchar(255) DEFAULT NULL,
  `firstname` varchar(255) DEFAULT NULL,
  `lastname` varchar(255) DEFAULT NULL
) ENGINE=InnoDB DEFAULT CHARSET=utf8;

--
-- Дамп данных таблицы `courier`
--

INSERT INTO `courier` (`id`, `surname`, `firstname`, `lastname`) VALUES
(1, 'Иванов', 'Иван', 'Иванович'),
(2, 'Тест2', 'Тест2', 'Тест2'),
(3, 'Тест3', 'Тест3', 'Тест3'),
(4, 'Тест4', 'Тест4', 'Тест4'),
(5, 'Тест5', 'Тест5', 'Тест5'),
(6, 'Тест6', 'Тест6', 'Тест6'),
(7, 'Тест7', 'Тест7', 'Тест7'),
(8, 'Тест8', 'Тест8', 'Тест8'),
(9, 'Тест9', 'Тест9', 'Тест9'),
(10, 'Тест10', 'Тест10', 'Тест10');

-- --------------------------------------------------------

--
-- Структура таблицы `region`
--

CREATE TABLE `region` (
  `id` int(11) NOT NULL,
  `region_name` varchar(255) DEFAULT NULL,
  `durability` int(11) DEFAULT '0',
  `durability_back` int(11) DEFAULT '0'
) ENGINE=InnoDB DEFAULT CHARSET=utf8;

--
-- Дамп данных таблицы `region`
--

INSERT INTO `region` (`id`, `region_name`, `durability`, `durability_back`) VALUES
(1, 'Санкт-Петербург', 1, 1),
(2, 'Уфа', 2, 2),
(3, 'Нижний Новгород', 3, 3),
(4, 'Владимир', 1, 1),
(5, 'Кострома', 2, 2),
(6, 'Екатеринбург', 3, 3),
(7, 'Ковров', 1, 1),
(8, 'Воронеж', 2, 2),
(9, 'Самара', 1, 1),
(10, 'Астрахань', 3, 3);

-- --------------------------------------------------------

--
-- Структура таблицы `route`
--

CREATE TABLE `route` (
  `id` int(11) NOT NULL,
  `region_id` int(11) DEFAULT NULL,
  `courier_id` int(11) DEFAULT NULL,
  `start_date` date DEFAULT NULL,
  `arrival_date` date DEFAULT NULL,
  `back_date` date DEFAULT NULL
) ENGINE=InnoDB DEFAULT CHARSET=utf8;

--
-- Дамп данных таблицы `route`
--

INSERT INTO `route` (`id`, `region_id`, `courier_id`, `start_date`, `arrival_date`, `back_date`) VALUES
(1, 7, 1, '2015-06-01', '2015-06-02', '2015-06-03'),
(2, 3, 1, '2015-06-03', '2015-06-06', '2015-06-09'),
(3, 7, 1, '2015-06-09', '2015-06-10', '2015-06-11'),
(4, 5, 1, '2015-06-11', '2015-06-13', '2015-06-15'),
(5, 4, 1, '2015-06-15', '2015-06-16', '2015-06-17'),
(6, 3, 1, '2015-06-17', '2015-06-20', '2015-06-23'),
(7, 8, 1, '2015-06-23', '2015-06-25', '2015-06-27'),
(8, 4, 1, '2015-06-27', '2015-06-28', '2015-06-29'),
(9, 9, 1, '2015-06-29', '2015-06-30', '2015-07-01'),
(10, 4, 1, '2015-07-01', '2015-07-02', '2015-07-03'),
(11, 8, 1, '2015-07-03', '2015-07-05', '2015-07-07'),
(12, 1, 1, '2015-07-07', '2015-07-08', '2015-07-09'),
(13, 10, 1, '2015-07-09', '2015-07-12', '2015-07-15'),
(14, 6, 1, '2015-07-15', '2015-07-18', '2015-07-21'),
(15, 3, 1, '2015-07-21', '2015-07-24', '2015-07-27'),
(16, 1, 1, '2015-07-27', '2015-07-28', '2015-07-29'),
(17, 1, 1, '2015-07-29', '2015-07-30', '2015-07-31'),
(18, 4, 1, '2015-07-31', '2015-08-01', '2015-08-02'),
(19, 2, 1, '2015-08-02', '2015-08-04', '2015-08-06'),
(20, 7, 1, '2015-08-06', '2015-08-07', '2015-08-08'),
(21, 5, 1, '2015-08-08', '2015-08-10', '2015-08-12'),
(22, 8, 1, '2015-08-12', '2015-08-14', '2015-08-16'),
(23, 7, 1, '2015-08-16', '2015-08-17', '2015-08-18'),
(24, 6, 1, '2015-08-18', '2015-08-21', '2015-08-24'),
(25, 10, 1, '2015-08-24', '2015-08-27', '2015-08-30'),
(26, 7, 1, '2015-08-30', '2015-08-31', '2015-09-01'),
(27, 10, 1, '2015-09-01', '2015-09-04', '2015-09-07'),
(28, 2, 1, '2015-09-07', '2015-09-09', '2015-09-11'),
(29, 5, 1, '2015-09-11', '2015-09-13', '2015-09-15'),
(30, 3, 1, '2015-09-15', '2015-09-18', '2015-09-21'),
(31, 9, 1, '2015-09-21', '2015-09-22', '2015-09-23'),
(32, 10, 1, '2015-09-23', '2015-09-26', '2015-09-29'),
(33, 6, 1, '2015-09-29', '2015-10-02', '2015-10-05'),
(34, 3, 1, '2015-10-05', '2015-10-08', '2015-10-11'),
(35, 10, 1, '2015-10-11', '2015-10-14', '2015-10-17'),
(36, 6, 1, '2015-10-17', '2015-10-20', '2015-10-23'),
(37, 3, 1, '2015-10-23', '2015-10-26', '2015-10-29'),
(38, 7, 1, '2015-10-29', '2015-10-30', '2015-10-31'),
(39, 4, 1, '2015-10-31', '2015-11-01', '2015-11-02'),
(40, 1, 1, '2015-11-02', '2015-11-03', '2015-11-04'),
(41, 2, 1, '2015-11-04', '2015-11-06', '2015-11-08'),
(42, 3, 1, '2015-11-08', '2015-11-11', '2015-11-14'),
(43, 5, 1, '2015-11-14', '2015-11-16', '2015-11-18'),
(44, 5, 1, '2015-11-18', '2015-11-20', '2015-11-22'),
(45, 1, 1, '2015-11-22', '2015-11-23', '2015-11-24'),
(46, 6, 1, '2015-11-24', '2015-11-27', '2015-11-30'),
(47, 4, 1, '2015-11-30', '2015-12-01', '2015-12-02'),
(48, 9, 1, '2015-12-02', '2015-12-03', '2015-12-04'),
(49, 9, 1, '2015-12-04', '2015-12-05', '2015-12-06'),
(50, 5, 1, '2015-12-06', '2015-12-08', '2015-12-10'),
(51, 3, 1, '2015-12-10', '2015-12-13', '2015-12-16'),
(52, 2, 1, '2015-12-16', '2015-12-18', '2015-12-20'),
(53, 8, 1, '2015-12-20', '2015-12-22', '2015-12-24'),
(54, 2, 1, '2015-12-24', '2015-12-26', '2015-12-28'),
(55, 3, 1, '2015-12-28', '2015-12-31', '2016-01-03'),
(56, 3, 1, '2016-01-03', '2016-01-06', '2016-01-09'),
(57, 5, 1, '2016-01-09', '2016-01-11', '2016-01-13'),
(58, 6, 1, '2016-01-13', '2016-01-16', '2016-01-19'),
(59, 6, 1, '2016-01-19', '2016-01-22', '2016-01-25'),
(60, 8, 1, '2016-01-25', '2016-01-27', '2016-01-29'),
(61, 2, 1, '2016-01-29', '2016-01-31', '2016-02-02'),
(62, 1, 1, '2016-02-02', '2016-02-03', '2016-02-04'),
(63, 1, 1, '2016-02-04', '2016-02-05', '2016-02-06'),
(64, 10, 1, '2016-02-06', '2016-02-09', '2016-02-12'),
(65, 3, 1, '2016-02-12', '2016-02-15', '2016-02-18'),
(66, 9, 1, '2016-02-18', '2016-02-19', '2016-02-20'),
(67, 3, 1, '2016-02-20', '2016-02-23', '2016-02-26'),
(68, 4, 1, '2016-02-26', '2016-02-27', '2016-02-28'),
(69, 7, 1, '2016-02-28', '2016-02-29', '2016-03-01'),
(70, 7, 1, '2016-03-01', '2016-03-02', '2016-03-03'),
(71, 2, 1, '2016-03-03', '2016-03-05', '2016-03-07'),
(72, 9, 1, '2016-03-07', '2016-03-08', '2016-03-09'),
(73, 7, 1, '2016-03-09', '2016-03-10', '2016-03-11'),
(74, 2, 1, '2016-03-11', '2016-03-13', '2016-03-15'),
(75, 2, 1, '2016-03-15', '2016-03-17', '2016-03-19'),
(76, 2, 1, '2016-03-19', '2016-03-21', '2016-03-23'),
(77, 9, 1, '2016-03-23', '2016-03-24', '2016-03-25'),
(78, 8, 1, '2016-03-25', '2016-03-27', '2016-03-29'),
(79, 10, 1, '2016-03-29', '2016-04-01', '2016-04-04'),
(80, 10, 1, '2016-04-04', '2016-04-07', '2016-04-10'),
(81, 5, 1, '2016-04-10', '2016-04-12', '2016-04-14'),
(82, 9, 1, '2016-04-14', '2016-04-15', '2016-04-16'),
(83, 8, 1, '2016-04-16', '2016-04-18', '2016-04-20'),
(84, 3, 1, '2016-04-20', '2016-04-23', '2016-04-26'),
(85, 3, 1, '2016-04-26', '2016-04-29', '2016-05-02'),
(86, 8, 1, '2016-05-02', '2016-05-04', '2016-05-06'),
(87, 1, 1, '2016-05-06', '2016-05-07', '2016-05-08'),
(88, 3, 1, '2016-05-08', '2016-05-11', '2016-05-14'),
(89, 10, 1, '2016-05-14', '2016-05-17', '2016-05-20'),
(90, 7, 1, '2016-05-20', '2016-05-21', '2016-05-22'),
(91, 1, 1, '2016-05-22', '2016-05-23', '2016-05-24'),
(92, 10, 1, '2016-05-24', '2016-05-27', '2016-05-30'),
(93, 7, 1, '2016-05-30', '2016-05-31', '2016-06-01'),
(94, 5, 1, '2016-06-01', '2016-06-03', '2016-06-05'),
(95, 1, 1, '2016-06-05', '2016-06-06', '2016-06-07'),
(96, 9, 1, '2016-06-07', '2016-06-08', '2016-06-09'),
(97, 10, 1, '2016-06-09', '2016-06-12', '2016-06-15'),
(98, 9, 1, '2016-06-15', '2016-06-16', '2016-06-17'),
(99, 6, 1, '2016-06-17', '2016-06-20', '2016-06-23'),
(100, 9, 1, '2016-06-23', '2016-06-24', '2016-06-25'),
(101, 3, 1, '2016-06-25', '2016-06-28', '2016-07-01'),
(102, 5, 1, '2016-07-01', '2016-07-03', '2016-07-05'),
(103, 2, 1, '2016-07-05', '2016-07-07', '2016-07-09'),
(104, 2, 1, '2016-07-09', '2016-07-11', '2016-07-13'),
(105, 1, 1, '2016-07-13', '2016-07-14', '2016-07-15'),
(106, 5, 1, '2016-07-15', '2016-07-17', '2016-07-19'),
(107, 5, 1, '2016-07-19', '2016-07-21', '2016-07-23'),
(108, 2, 1, '2016-07-23', '2016-07-25', '2016-07-27'),
(109, 5, 1, '2016-07-27', '2016-07-29', '2016-07-31'),
(110, 4, 1, '2016-07-31', '2016-08-01', '2016-08-02'),
(111, 1, 1, '2016-08-02', '2016-08-03', '2016-08-04'),
(112, 2, 1, '2016-08-04', '2016-08-06', '2016-08-08'),
(113, 8, 1, '2016-08-08', '2016-08-10', '2016-08-12'),
(114, 6, 1, '2016-08-12', '2016-08-15', '2016-08-18'),
(115, 4, 1, '2016-08-18', '2016-08-19', '2016-08-20'),
(116, 4, 1, '2016-08-20', '2016-08-21', '2016-08-22'),
(117, 1, 1, '2016-08-22', '2016-08-23', '2016-08-24'),
(118, 3, 1, '2016-08-24', '2016-08-27', '2016-08-30'),
(119, 4, 1, '2016-08-30', '2016-08-31', '2016-09-01'),
(120, 5, 1, '2016-09-01', '2016-09-03', '2016-09-05'),
(121, 8, 1, '2016-09-05', '2016-09-07', '2016-09-09'),
(122, 5, 1, '2016-09-09', '2016-09-11', '2016-09-13'),
(123, 10, 1, '2016-09-13', '2016-09-16', '2016-09-19'),
(124, 5, 1, '2016-09-19', '2016-09-21', '2016-09-23'),
(125, 7, 1, '2016-09-23', '2016-09-24', '2016-09-25'),
(126, 10, 1, '2016-09-25', '2016-09-28', '2016-10-01'),
(127, 3, 1, '2016-10-01', '2016-10-04', '2016-10-07'),
(128, 10, 1, '2016-10-07', '2016-10-10', '2016-10-13'),
(129, 3, 1, '2016-10-13', '2016-10-16', '2016-10-19'),
(130, 6, 1, '2016-10-19', '2016-10-22', '2016-10-25'),
(131, 8, 1, '2016-10-25', '2016-10-27', '2016-10-29'),
(132, 5, 1, '2016-10-29', '2016-10-31', '2016-11-02'),
(133, 3, 1, '2016-11-02', '2016-11-05', '2016-11-08'),
(134, 2, 1, '2016-11-08', '2016-11-10', '2016-11-12'),
(135, 1, 1, '2016-11-12', '2016-11-13', '2016-11-14'),
(136, 6, 1, '2016-11-14', '2016-11-17', '2016-11-20'),
(137, 8, 1, '2016-11-20', '2016-11-22', '2016-11-24'),
(138, 5, 1, '2016-11-24', '2016-11-26', '2016-11-28'),
(139, 7, 1, '2016-11-28', '2016-11-29', '2016-11-30'),
(140, 9, 1, '2016-11-30', '2016-12-01', '2016-12-02'),
(141, 10, 1, '2016-12-02', '2016-12-05', '2016-12-08'),
(142, 2, 1, '2016-12-08', '2016-12-10', '2016-12-12'),
(143, 4, 1, '2016-12-12', '2016-12-13', '2016-12-14'),
(144, 4, 1, '2016-12-14', '2016-12-15', '2016-12-16'),
(145, 9, 1, '2016-12-16', '2016-12-17', '2016-12-18'),
(146, 6, 1, '2016-12-18', '2016-12-21', '2016-12-24'),
(147, 5, 1, '2016-12-24', '2016-12-26', '2016-12-28'),
(148, 7, 1, '2016-12-28', '2016-12-29', '2016-12-30'),
(149, 1, 1, '2016-12-30', '2016-12-31', '2017-01-01'),
(150, 5, 1, '2017-01-01', '2017-01-03', '2017-01-05'),
(151, 9, 1, '2017-01-05', '2017-01-06', '2017-01-07'),
(152, 6, 1, '2017-01-07', '2017-01-10', '2017-01-13'),
(153, 10, 1, '2017-01-13', '2017-01-16', '2017-01-19'),
(154, 3, 1, '2017-01-19', '2017-01-22', '2017-01-25'),
(155, 8, 1, '2017-01-25', '2017-01-27', '2017-01-29'),
(156, 10, 1, '2017-01-29', '2017-02-01', '2017-02-04'),
(157, 5, 1, '2017-02-04', '2017-02-06', '2017-02-08'),
(158, 6, 1, '2017-02-08', '2017-02-11', '2017-02-14'),
(159, 3, 1, '2017-02-14', '2017-02-17', '2017-02-20'),
(160, 7, 1, '2017-02-20', '2017-02-21', '2017-02-22'),
(161, 7, 1, '2017-02-22', '2017-02-23', '2017-02-24'),
(162, 8, 1, '2017-02-24', '2017-02-26', '2017-02-28'),
(163, 4, 1, '2017-02-28', '2017-03-01', '2017-03-02'),
(164, 6, 1, '2017-03-02', '2017-03-05', '2017-03-08'),
(165, 10, 1, '2017-03-08', '2017-03-11', '2017-03-14'),
(166, 6, 1, '2017-03-14', '2017-03-17', '2017-03-20'),
(167, 5, 1, '2017-03-20', '2017-03-22', '2017-03-24'),
(168, 5, 1, '2017-03-24', '2017-03-26', '2017-03-28'),
(169, 2, 1, '2017-03-28', '2017-03-30', '2017-04-01'),
(170, 9, 1, '2017-04-01', '2017-04-02', '2017-04-03'),
(171, 1, 1, '2017-04-03', '2017-04-04', '2017-04-05'),
(172, 6, 1, '2017-04-05', '2017-04-08', '2017-04-11'),
(173, 7, 1, '2017-04-11', '2017-04-12', '2017-04-13'),
(174, 6, 1, '2017-04-13', '2017-04-16', '2017-04-19'),
(175, 10, 1, '2017-04-19', '2017-04-22', '2017-04-25'),
(176, 4, 1, '2017-04-25', '2017-04-26', '2017-04-27'),
(177, 4, 1, '2017-04-27', '2017-04-28', '2017-04-29'),
(178, 4, 1, '2017-04-29', '2017-04-30', '2017-05-01'),
(179, 9, 1, '2017-05-01', '2017-05-02', '2017-05-03'),
(180, 5, 1, '2017-05-03', '2017-05-05', '2017-05-07'),
(181, 3, 1, '2017-05-07', '2017-05-10', '2017-05-13'),
(182, 2, 1, '2017-05-13', '2017-05-15', '2017-05-17'),
(183, 5, 1, '2017-05-17', '2017-05-19', '2017-05-21'),
(184, 4, 1, '2017-05-21', '2017-05-22', '2017-05-23'),
(185, 1, 1, '2017-05-23', '2017-05-24', '2017-05-25'),
(186, 5, 1, '2017-05-25', '2017-05-27', '2017-05-29'),
(187, 8, 1, '2017-05-29', '2017-05-31', '2017-06-02'),
(188, 7, 1, '2017-06-02', '2017-06-03', '2017-06-04'),
(189, 2, 1, '2017-06-04', '2017-06-06', '2017-06-08'),
(190, 6, 1, '2017-06-08', '2017-06-11', '2017-06-14'),
(191, 9, 1, '2017-06-14', '2017-06-15', '2017-06-16'),
(192, 4, 1, '2017-06-16', '2017-06-17', '2017-06-18'),
(193, 4, 1, '2017-06-18', '2017-06-19', '2017-06-20'),
(194, 7, 1, '2017-06-20', '2017-06-21', '2017-06-22'),
(195, 1, 1, '2017-06-22', '2017-06-23', '2017-06-24'),
(196, 10, 1, '2017-06-24', '2017-06-27', '2017-06-30'),
(197, 8, 1, '2017-06-30', '2017-07-02', '2017-07-04'),
(198, 8, 1, '2017-07-04', '2017-07-06', '2017-07-08'),
(199, 1, 1, '2017-07-08', '2017-07-09', '2017-07-10'),
(200, 8, 1, '2017-07-10', '2017-07-12', '2017-07-14'),
(201, 3, 1, '2017-07-14', '2017-07-17', '2017-07-20'),
(202, 7, 1, '2017-07-20', '2017-07-21', '2017-07-22'),
(203, 7, 1, '2017-07-22', '2017-07-23', '2017-07-24'),
(204, 10, 1, '2017-07-24', '2017-07-27', '2017-07-30'),
(205, 3, 1, '2017-07-30', '2017-08-02', '2017-08-05'),
(206, 6, 1, '2017-08-05', '2017-08-08', '2017-08-11'),
(207, 4, 1, '2017-08-11', '2017-08-12', '2017-08-13'),
(208, 1, 1, '2017-08-13', '2017-08-14', '2017-08-15'),
(209, 6, 1, '2017-08-15', '2017-08-18', '2017-08-21'),
(210, 5, 1, '2017-08-21', '2017-08-23', '2017-08-25'),
(211, 5, 1, '2017-08-25', '2017-08-27', '2017-08-29'),
(212, 2, 1, '2017-08-29', '2017-08-31', '2017-09-02'),
(213, 1, 1, '2017-09-02', '2017-09-03', '2017-09-04'),
(214, 4, 1, '2017-09-04', '2017-09-05', '2017-09-06'),
(215, 2, 1, '2017-09-06', '2017-09-08', '2017-09-10'),
(216, 6, 1, '2017-09-10', '2017-09-13', '2017-09-16'),
(217, 10, 1, '2017-09-16', '2017-09-19', '2017-09-22'),
(218, 7, 1, '2017-09-22', '2017-09-23', '2017-09-24'),
(219, 7, 1, '2017-09-24', '2017-09-25', '2017-09-26'),
(220, 6, 1, '2017-09-26', '2017-09-29', '2017-10-02'),
(221, 2, 1, '2017-10-02', '2017-10-04', '2017-10-06'),
(222, 2, 1, '2017-10-06', '2017-10-08', '2017-10-10'),
(223, 6, 1, '2017-10-10', '2017-10-13', '2017-10-16'),
(224, 8, 1, '2017-10-16', '2017-10-18', '2017-10-20'),
(225, 2, 1, '2017-10-20', '2017-10-22', '2017-10-24'),
(226, 7, 1, '2017-10-24', '2017-10-25', '2017-10-26'),
(227, 2, 1, '2017-10-26', '2017-10-28', '2017-10-30'),
(228, 8, 1, '2017-10-30', '2017-11-01', '2017-11-03'),
(229, 3, 1, '2017-11-03', '2017-11-06', '2017-11-09'),
(230, 4, 1, '2017-11-09', '2017-11-10', '2017-11-11'),
(231, 5, 1, '2017-11-11', '2017-11-13', '2017-11-15'),
(232, 10, 1, '2017-11-15', '2017-11-18', '2017-11-21'),
(233, 9, 1, '2017-11-21', '2017-11-22', '2017-11-23'),
(234, 8, 1, '2017-11-23', '2017-11-25', '2017-11-27'),
(235, 8, 1, '2017-11-27', '2017-11-29', '2017-12-01'),
(236, 10, 1, '2017-12-01', '2017-12-04', '2017-12-07'),
(237, 8, 1, '2017-12-07', '2017-12-09', '2017-12-11'),
(238, 1, 1, '2017-12-11', '2017-12-12', '2017-12-13'),
(239, 9, 1, '2017-12-13', '2017-12-14', '2017-12-15'),
(240, 2, 1, '2017-12-15', '2017-12-17', '2017-12-19'),
(241, 8, 1, '2017-12-19', '2017-12-21', '2017-12-23'),
(242, 2, 1, '2017-12-23', '2017-12-25', '2017-12-27'),
(243, 2, 1, '2017-12-27', '2017-12-29', '2017-12-31'),
(244, 2, 1, '2017-12-31', '2018-01-02', '2018-01-04'),
(245, 6, 1, '2018-01-04', '2018-01-07', '2018-01-10'),
(246, 2, 1, '2018-01-10', '2018-01-12', '2018-01-14'),
(247, 7, 1, '2018-01-14', '2018-01-15', '2018-01-16'),
(248, 7, 1, '2018-01-16', '2018-01-17', '2018-01-18'),
(249, 1, 1, '2018-01-18', '2018-01-19', '2018-01-20'),
(250, 6, 1, '2018-01-20', '2018-01-23', '2018-01-26'),
(251, 9, 1, '2018-01-26', '2018-01-27', '2018-01-28'),
(252, 5, 1, '2018-01-28', '2018-01-30', '2018-02-01'),
(253, 3, 1, '2018-02-01', '2018-02-04', '2018-02-07'),
(254, 1, 1, '2018-02-07', '2018-02-08', '2018-02-09'),
(255, 6, 1, '2018-02-09', '2018-02-12', '2018-02-15'),
(256, 8, 1, '2018-02-15', '2018-02-17', '2018-02-19'),
(257, 10, 1, '2018-02-19', '2018-02-22', '2018-02-25'),
(258, 10, 1, '2018-02-25', '2018-02-28', '2018-03-03'),
(259, 8, 1, '2018-03-03', '2018-03-05', '2018-03-07'),
(260, 2, 1, '2018-03-07', '2018-03-09', '2018-03-11'),
(261, 6, 1, '2018-03-11', '2018-03-14', '2018-03-17'),
(262, 4, 1, '2018-03-17', '2018-03-18', '2018-03-19'),
(263, 7, 1, '2018-03-19', '2018-03-20', '2018-03-21'),
(264, 6, 1, '2018-03-21', '2018-03-24', '2018-03-27'),
(265, 6, 1, '2018-03-27', '2018-03-30', '2018-04-02'),
(266, 1, 1, '2018-04-02', '2018-04-03', '2018-04-04'),
(267, 7, 1, '2018-04-04', '2018-04-05', '2018-04-06'),
(268, 10, 1, '2018-04-06', '2018-04-09', '2018-04-12'),
(269, 3, 1, '2018-04-12', '2018-04-15', '2018-04-18'),
(270, 10, 1, '2018-04-18', '2018-04-21', '2018-04-24'),
(271, 3, 1, '2018-04-24', '2018-04-27', '2018-04-30'),
(272, 3, 1, '2018-04-30', '2018-05-03', '2018-05-06'),
(273, 9, 1, '2018-05-06', '2018-05-07', '2018-05-08'),
(274, 2, 1, '2018-05-08', '2018-05-10', '2018-05-12'),
(275, 3, 1, '2018-05-12', '2018-05-15', '2018-05-18'),
(276, 8, 1, '2018-05-18', '2018-05-20', '2018-05-22'),
(277, 6, 1, '2018-05-22', '2018-05-25', '2018-05-28'),
(278, 4, 1, '2018-05-28', '2018-05-29', '2018-05-30'),
(279, 7, 1, '2018-05-30', '2018-05-31', '2018-06-01'),
(280, 9, 1, '2018-06-01', '2018-06-02', '2018-06-03'),
(281, 7, 1, '2018-06-03', '2018-06-04', '2018-06-05'),
(282, 10, 1, '2018-06-05', '2018-06-08', '2018-06-11'),
(283, 1, 1, '2018-06-11', '2018-06-12', '2018-06-13'),
(284, 8, 1, '2018-06-13', '2018-06-15', '2018-06-17'),
(285, 5, 1, '2018-06-17', '2018-06-19', '2018-06-21'),
(286, 8, 1, '2018-06-21', '2018-06-23', '2018-06-25'),
(287, 8, 1, '2018-06-25', '2018-06-27', '2018-06-29'),
(288, 4, 1, '2018-06-29', '2018-06-30', '2018-07-01'),
(289, 1, 1, '2018-07-01', '2018-07-02', '2018-07-03'),
(290, 3, 1, '2018-07-03', '2018-07-06', '2018-07-09'),
(291, 3, 1, '2018-07-09', '2018-07-12', '2018-07-15'),
(292, 7, 1, '2018-07-15', '2018-07-16', '2018-07-17'),
(293, 7, 1, '2018-07-17', '2018-07-18', '2018-07-19'),
(294, 1, 1, '2018-07-19', '2018-07-20', '2018-07-21'),
(295, 2, 1, '2018-07-21', '2018-07-23', '2018-07-25'),
(296, 5, 1, '2018-07-25', '2018-07-27', '2018-07-29'),
(297, 3, 1, '2018-07-29', '2018-08-01', '2018-08-04'),
(298, 6, 1, '2018-08-04', '2018-08-07', '2018-08-10'),
(299, 10, 1, '2018-08-10', '2018-08-13', '2018-08-16'),
(300, 9, 2, '2015-06-01', '2015-06-02', '2015-06-03'),
(301, 2, 2, '2015-06-03', '2015-06-05', '2015-06-07'),
(302, 3, 2, '2015-06-07', '2015-06-10', '2015-06-13'),
(303, 7, 2, '2015-06-13', '2015-06-14', '2015-06-15'),
(304, 7, 2, '2015-06-15', '2015-06-16', '2015-06-17'),
(305, 10, 2, '2015-06-17', '2015-06-20', '2015-06-23'),
(306, 7, 2, '2015-06-23', '2015-06-24', '2015-06-25'),
(307, 3, 2, '2015-06-25', '2015-06-28', '2015-07-01'),
(308, 7, 2, '2015-07-01', '2015-07-02', '2015-07-03'),
(309, 7, 2, '2015-07-03', '2015-07-04', '2015-07-05'),
(310, 1, 2, '2015-07-05', '2015-07-06', '2015-07-07'),
(311, 10, 2, '2015-07-07', '2015-07-10', '2015-07-13'),
(312, 7, 2, '2015-07-13', '2015-07-14', '2015-07-15'),
(313, 10, 2, '2015-07-15', '2015-07-18', '2015-07-21'),
(314, 5, 2, '2015-07-21', '2015-07-23', '2015-07-25'),
(315, 4, 2, '2015-07-25', '2015-07-26', '2015-07-27'),
(316, 10, 2, '2015-07-27', '2015-07-30', '2015-08-02'),
(317, 7, 2, '2015-08-02', '2015-08-03', '2015-08-04'),
(318, 7, 2, '2015-08-04', '2015-08-05', '2015-08-06'),
(319, 4, 2, '2015-08-06', '2015-08-07', '2015-08-08'),
(320, 5, 2, '2015-08-08', '2015-08-10', '2015-08-12'),
(321, 7, 2, '2015-08-12', '2015-08-13', '2015-08-14'),
(322, 5, 2, '2015-08-14', '2015-08-16', '2015-08-18'),
(323, 10, 2, '2015-08-18', '2015-08-21', '2015-08-24'),
(324, 2, 2, '2015-08-24', '2015-08-26', '2015-08-28'),
(325, 10, 2, '2015-08-28', '2015-08-31', '2015-09-03'),
(326, 2, 2, '2015-09-03', '2015-09-05', '2015-09-07'),
(327, 6, 2, '2015-09-07', '2015-09-10', '2015-09-13'),
(328, 4, 2, '2015-09-13', '2015-09-14', '2015-09-15'),
(329, 8, 2, '2015-09-15', '2015-09-17', '2015-09-19'),
(330, 1, 2, '2015-09-19', '2015-09-20', '2015-09-21'),
(331, 3, 2, '2015-09-21', '2015-09-24', '2015-09-27'),
(332, 5, 2, '2015-09-27', '2015-09-29', '2015-10-01'),
(333, 4, 2, '2015-10-01', '2015-10-02', '2015-10-03'),
(334, 10, 2, '2015-10-03', '2015-10-06', '2015-10-09'),
(335, 3, 2, '2015-10-09', '2015-10-12', '2015-10-15'),
(336, 9, 2, '2015-10-15', '2015-10-16', '2015-10-17'),
(337, 9, 2, '2015-10-17', '2015-10-18', '2015-10-19'),
(338, 3, 2, '2015-10-19', '2015-10-22', '2015-10-25'),
(339, 10, 2, '2015-10-25', '2015-10-28', '2015-10-31'),
(340, 4, 2, '2015-10-31', '2015-11-01', '2015-11-02'),
(341, 3, 2, '2015-11-02', '2015-11-05', '2015-11-08'),
(342, 9, 2, '2015-11-08', '2015-11-09', '2015-11-10'),
(343, 6, 2, '2015-11-10', '2015-11-13', '2015-11-16'),
(344, 5, 2, '2015-11-16', '2015-11-18', '2015-11-20'),
(345, 4, 2, '2015-11-20', '2015-11-21', '2015-11-22'),
(346, 5, 2, '2015-11-22', '2015-11-24', '2015-11-26'),
(347, 8, 2, '2015-11-26', '2015-11-28', '2015-11-30'),
(348, 10, 2, '2015-11-30', '2015-12-03', '2015-12-06'),
(349, 8, 2, '2015-12-06', '2015-12-08', '2015-12-10'),
(350, 3, 2, '2015-12-10', '2015-12-13', '2015-12-16'),
(351, 4, 2, '2015-12-16', '2015-12-17', '2015-12-18'),
(352, 8, 2, '2015-12-18', '2015-12-20', '2015-12-22'),
(353, 6, 2, '2015-12-22', '2015-12-25', '2015-12-28'),
(354, 8, 2, '2015-12-28', '2015-12-30', '2016-01-01'),
(355, 8, 2, '2016-01-01', '2016-01-03', '2016-01-05'),
(356, 5, 2, '2016-01-05', '2016-01-07', '2016-01-09'),
(357, 9, 2, '2016-01-09', '2016-01-10', '2016-01-11'),
(358, 7, 2, '2016-01-11', '2016-01-12', '2016-01-13'),
(359, 4, 2, '2016-01-13', '2016-01-14', '2016-01-15'),
(360, 8, 2, '2016-01-15', '2016-01-17', '2016-01-19'),
(361, 1, 2, '2016-01-19', '2016-01-20', '2016-01-21'),
(362, 6, 2, '2016-01-21', '2016-01-24', '2016-01-27'),
(363, 5, 2, '2016-01-27', '2016-01-29', '2016-01-31'),
(364, 1, 2, '2016-01-31', '2016-02-01', '2016-02-02'),
(365, 6, 2, '2016-02-02', '2016-02-05', '2016-02-08'),
(366, 7, 2, '2016-02-08', '2016-02-09', '2016-02-10'),
(367, 8, 2, '2016-02-10', '2016-02-12', '2016-02-14'),
(368, 8, 2, '2016-02-14', '2016-02-16', '2016-02-18'),
(369, 9, 2, '2016-02-18', '2016-02-19', '2016-02-20'),
(370, 7, 2, '2016-02-20', '2016-02-21', '2016-02-22'),
(371, 8, 2, '2016-02-22', '2016-02-24', '2016-02-26'),
(372, 10, 2, '2016-02-26', '2016-02-29', '2016-03-03'),
(373, 9, 2, '2016-03-03', '2016-03-04', '2016-03-05'),
(374, 3, 2, '2016-03-05', '2016-03-08', '2016-03-11'),
(375, 5, 2, '2016-03-11', '2016-03-13', '2016-03-15'),
(376, 6, 2, '2016-03-15', '2016-03-18', '2016-03-21'),
(377, 2, 2, '2016-03-21', '2016-03-23', '2016-03-25'),
(378, 8, 2, '2016-03-25', '2016-03-27', '2016-03-29'),
(379, 10, 2, '2016-03-29', '2016-04-01', '2016-04-04'),
(380, 10, 2, '2016-04-04', '2016-04-07', '2016-04-10'),
(381, 3, 2, '2016-04-10', '2016-04-13', '2016-04-16'),
(382, 1, 2, '2016-04-16', '2016-04-17', '2016-04-18'),
(383, 7, 2, '2016-04-18', '2016-04-19', '2016-04-20'),
(384, 7, 2, '2016-04-20', '2016-04-21', '2016-04-22'),
(385, 7, 2, '2016-04-22', '2016-04-23', '2016-04-24'),
(386, 2, 2, '2016-04-24', '2016-04-26', '2016-04-28'),
(387, 7, 2, '2016-04-28', '2016-04-29', '2016-04-30'),
(388, 2, 2, '2016-04-30', '2016-05-02', '2016-05-04'),
(389, 1, 2, '2016-05-04', '2016-05-05', '2016-05-06'),
(390, 9, 2, '2016-05-06', '2016-05-07', '2016-05-08'),
(391, 3, 2, '2016-05-08', '2016-05-11', '2016-05-14'),
(392, 4, 2, '2016-05-14', '2016-05-15', '2016-05-16'),
(393, 1, 2, '2016-05-16', '2016-05-17', '2016-05-18'),
(394, 4, 2, '2016-05-18', '2016-05-19', '2016-05-20'),
(395, 1, 2, '2016-05-20', '2016-05-21', '2016-05-22'),
(396, 2, 2, '2016-05-22', '2016-05-24', '2016-05-26'),
(397, 7, 2, '2016-05-26', '2016-05-27', '2016-05-28'),
(398, 8, 2, '2016-05-28', '2016-05-30', '2016-06-01'),
(399, 6, 2, '2016-06-01', '2016-06-04', '2016-06-07'),
(400, 2, 2, '2016-06-07', '2016-06-09', '2016-06-11'),
(401, 10, 2, '2016-06-11', '2016-06-14', '2016-06-17'),
(402, 6, 2, '2016-06-17', '2016-06-20', '2016-06-23'),
(403, 5, 2, '2016-06-23', '2016-06-25', '2016-06-27'),
(404, 9, 2, '2016-06-27', '2016-06-28', '2016-06-29'),
(405, 6, 2, '2016-06-29', '2016-07-02', '2016-07-05'),
(406, 6, 2, '2016-07-05', '2016-07-08', '2016-07-11'),
(407, 9, 2, '2016-07-11', '2016-07-12', '2016-07-13'),
(408, 4, 2, '2016-07-13', '2016-07-14', '2016-07-15'),
(409, 4, 2, '2016-07-15', '2016-07-16', '2016-07-17'),
(410, 2, 2, '2016-07-17', '2016-07-19', '2016-07-21'),
(411, 7, 2, '2016-07-21', '2016-07-22', '2016-07-23'),
(412, 2, 2, '2016-07-23', '2016-07-25', '2016-07-27'),
(413, 5, 2, '2016-07-27', '2016-07-29', '2016-07-31'),
(414, 3, 2, '2016-07-31', '2016-08-03', '2016-08-06'),
(415, 1, 2, '2016-08-06', '2016-08-07', '2016-08-08'),
(416, 3, 2, '2016-08-08', '2016-08-11', '2016-08-14'),
(417, 4, 2, '2016-08-14', '2016-08-15', '2016-08-16'),
(418, 4, 2, '2016-08-16', '2016-08-17', '2016-08-18'),
(419, 6, 2, '2016-08-18', '2016-08-21', '2016-08-24'),
(420, 7, 2, '2016-08-24', '2016-08-25', '2016-08-26'),
(421, 3, 2, '2016-08-26', '2016-08-29', '2016-09-01'),
(422, 6, 2, '2016-09-01', '2016-09-04', '2016-09-07'),
(423, 5, 2, '2016-09-07', '2016-09-09', '2016-09-11'),
(424, 8, 2, '2016-09-11', '2016-09-13', '2016-09-15'),
(425, 1, 2, '2016-09-15', '2016-09-16', '2016-09-17'),
(426, 5, 2, '2016-09-17', '2016-09-19', '2016-09-21'),
(427, 9, 2, '2016-09-21', '2016-09-22', '2016-09-23'),
(428, 9, 2, '2016-09-23', '2016-09-24', '2016-09-25'),
(429, 2, 2, '2016-09-25', '2016-09-27', '2016-09-29'),
(430, 9, 2, '2016-09-29', '2016-09-30', '2016-10-01'),
(431, 10, 2, '2016-10-01', '2016-10-04', '2016-10-07'),
(432, 8, 2, '2016-10-07', '2016-10-09', '2016-10-11'),
(433, 9, 2, '2016-10-11', '2016-10-12', '2016-10-13'),
(434, 8, 2, '2016-10-13', '2016-10-15', '2016-10-17'),
(435, 9, 2, '2016-10-17', '2016-10-18', '2016-10-19'),
(436, 8, 2, '2016-10-19', '2016-10-21', '2016-10-23'),
(437, 7, 2, '2016-10-23', '2016-10-24', '2016-10-25'),
(438, 6, 2, '2016-10-25', '2016-10-28', '2016-10-31'),
(439, 8, 2, '2016-10-31', '2016-11-02', '2016-11-04'),
(440, 9, 2, '2016-11-04', '2016-11-05', '2016-11-06'),
(441, 1, 2, '2016-11-06', '2016-11-07', '2016-11-08'),
(442, 2, 2, '2016-11-08', '2016-11-10', '2016-11-12'),
(443, 10, 2, '2016-11-12', '2016-11-15', '2016-11-18'),
(444, 10, 2, '2016-11-18', '2016-11-21', '2016-11-24'),
(445, 6, 2, '2016-11-24', '2016-11-27', '2016-11-30'),
(446, 6, 2, '2016-11-30', '2016-12-03', '2016-12-06'),
(447, 5, 2, '2016-12-06', '2016-12-08', '2016-12-10'),
(448, 5, 2, '2016-12-10', '2016-12-12', '2016-12-14'),
(449, 7, 2, '2016-12-14', '2016-12-15', '2016-12-16'),
(450, 1, 2, '2016-12-16', '2016-12-17', '2016-12-18'),
(451, 1, 2, '2016-12-18', '2016-12-19', '2016-12-20'),
(452, 8, 2, '2016-12-20', '2016-12-22', '2016-12-24'),
(453, 5, 2, '2016-12-24', '2016-12-26', '2016-12-28'),
(454, 4, 2, '2016-12-28', '2016-12-29', '2016-12-30'),
(455, 6, 2, '2016-12-30', '2017-01-02', '2017-01-05'),
(456, 7, 2, '2017-01-05', '2017-01-06', '2017-01-07'),
(457, 7, 2, '2017-01-07', '2017-01-08', '2017-01-09'),
(458, 9, 2, '2017-01-09', '2017-01-10', '2017-01-11'),
(459, 7, 2, '2017-01-11', '2017-01-12', '2017-01-13'),
(460, 1, 2, '2017-01-13', '2017-01-14', '2017-01-15'),
(461, 6, 2, '2017-01-15', '2017-01-18', '2017-01-21'),
(462, 9, 2, '2017-01-21', '2017-01-22', '2017-01-23'),
(463, 1, 2, '2017-01-23', '2017-01-24', '2017-01-25'),
(464, 2, 2, '2017-01-25', '2017-01-27', '2017-01-29'),
(465, 7, 2, '2017-01-29', '2017-01-30', '2017-01-31'),
(466, 5, 2, '2017-01-31', '2017-02-02', '2017-02-04'),
(467, 3, 2, '2017-02-04', '2017-02-07', '2017-02-10'),
(468, 6, 2, '2017-02-10', '2017-02-13', '2017-02-16'),
(469, 4, 2, '2017-02-16', '2017-02-17', '2017-02-18'),
(470, 9, 2, '2017-02-18', '2017-02-19', '2017-02-20'),
(471, 7, 2, '2017-02-20', '2017-02-21', '2017-02-22'),
(472, 1, 2, '2017-02-22', '2017-02-23', '2017-02-24'),
(473, 4, 2, '2017-02-24', '2017-02-25', '2017-02-26'),
(474, 7, 2, '2017-02-26', '2017-02-27', '2017-02-28'),
(475, 3, 2, '2017-02-28', '2017-03-03', '2017-03-06'),
(476, 5, 2, '2017-03-06', '2017-03-08', '2017-03-10'),
(477, 10, 2, '2017-03-10', '2017-03-13', '2017-03-16'),
(478, 7, 2, '2017-03-16', '2017-03-17', '2017-03-18'),
(479, 9, 2, '2017-03-18', '2017-03-19', '2017-03-20'),
(480, 5, 2, '2017-03-20', '2017-03-22', '2017-03-24'),
(481, 1, 2, '2017-03-24', '2017-03-25', '2017-03-26'),
(482, 5, 2, '2017-03-26', '2017-03-28', '2017-03-30'),
(483, 1, 2, '2017-03-30', '2017-03-31', '2017-04-01'),
(484, 2, 2, '2017-04-01', '2017-04-03', '2017-04-05'),
(485, 1, 2, '2017-04-05', '2017-04-06', '2017-04-07'),
(486, 8, 2, '2017-04-07', '2017-04-09', '2017-04-11'),
(487, 9, 2, '2017-04-11', '2017-04-12', '2017-04-13'),
(488, 7, 2, '2017-04-13', '2017-04-14', '2017-04-15'),
(489, 1, 2, '2017-04-15', '2017-04-16', '2017-04-17'),
(490, 3, 2, '2017-04-17', '2017-04-20', '2017-04-23'),
(491, 6, 2, '2017-04-23', '2017-04-26', '2017-04-29'),
(492, 2, 2, '2017-04-29', '2017-05-01', '2017-05-03'),
(493, 2, 2, '2017-05-03', '2017-05-05', '2017-05-07'),
(494, 10, 2, '2017-05-07', '2017-05-10', '2017-05-13'),
(495, 4, 2, '2017-05-13', '2017-05-14', '2017-05-15'),
(496, 7, 2, '2017-05-15', '2017-05-16', '2017-05-17'),
(497, 10, 2, '2017-05-17', '2017-05-20', '2017-05-23'),
(498, 4, 2, '2017-05-23', '2017-05-24', '2017-05-25'),
(499, 1, 2, '2017-05-25', '2017-05-26', '2017-05-27'),
(500, 9, 2, '2017-05-27', '2017-05-28', '2017-05-29'),
(501, 10, 2, '2017-05-29', '2017-06-01', '2017-06-04'),
(502, 6, 2, '2017-06-04', '2017-06-07', '2017-06-10'),
(503, 9, 2, '2017-06-10', '2017-06-11', '2017-06-12'),
(504, 4, 2, '2017-06-12', '2017-06-13', '2017-06-14'),
(505, 1, 2, '2017-06-14', '2017-06-15', '2017-06-16'),
(506, 6, 2, '2017-06-16', '2017-06-19', '2017-06-22'),
(507, 2, 2, '2017-06-22', '2017-06-24', '2017-06-26'),
(508, 10, 2, '2017-06-26', '2017-06-29', '2017-07-02'),
(509, 2, 2, '2017-07-02', '2017-07-04', '2017-07-06'),
(510, 2, 2, '2017-07-06', '2017-07-08', '2017-07-10'),
(511, 5, 2, '2017-07-10', '2017-07-12', '2017-07-14'),
(512, 3, 2, '2017-07-14', '2017-07-17', '2017-07-20'),
(513, 6, 2, '2017-07-20', '2017-07-23', '2017-07-26'),
(514, 1, 2, '2017-07-26', '2017-07-27', '2017-07-28'),
(515, 4, 2, '2017-07-28', '2017-07-29', '2017-07-30'),
(516, 6, 2, '2017-07-30', '2017-08-02', '2017-08-05'),
(517, 4, 2, '2017-08-05', '2017-08-06', '2017-08-07'),
(518, 1, 2, '2017-08-07', '2017-08-08', '2017-08-09'),
(519, 4, 2, '2017-08-09', '2017-08-10', '2017-08-11'),
(520, 2, 2, '2017-08-11', '2017-08-13', '2017-08-15'),
(521, 3, 2, '2017-08-15', '2017-08-18', '2017-08-21'),
(522, 6, 2, '2017-08-21', '2017-08-24', '2017-08-27'),
(523, 10, 2, '2017-08-27', '2017-08-30', '2017-09-02'),
(524, 8, 2, '2017-09-02', '2017-09-04', '2017-09-06'),
(525, 4, 2, '2017-09-06', '2017-09-07', '2017-09-08'),
(526, 3, 2, '2017-09-08', '2017-09-11', '2017-09-14'),
(527, 6, 2, '2017-09-14', '2017-09-17', '2017-09-20'),
(528, 7, 2, '2017-09-20', '2017-09-21', '2017-09-22'),
(529, 8, 2, '2017-09-22', '2017-09-24', '2017-09-26'),
(530, 8, 2, '2017-09-26', '2017-09-28', '2017-09-30'),
(531, 6, 2, '2017-09-30', '2017-10-03', '2017-10-06'),
(532, 5, 2, '2017-10-06', '2017-10-08', '2017-10-10'),
(533, 10, 2, '2017-10-10', '2017-10-13', '2017-10-16'),
(534, 10, 2, '2017-10-16', '2017-10-19', '2017-10-22'),
(535, 10, 2, '2017-10-22', '2017-10-25', '2017-10-28'),
(536, 10, 2, '2017-10-28', '2017-10-31', '2017-11-03'),
(537, 9, 2, '2017-11-03', '2017-11-04', '2017-11-05'),
(538, 5, 2, '2017-11-05', '2017-11-07', '2017-11-09'),
(539, 7, 2, '2017-11-09', '2017-11-10', '2017-11-11'),
(540, 4, 2, '2017-11-11', '2017-11-12', '2017-11-13'),
(541, 3, 2, '2017-11-13', '2017-11-16', '2017-11-19'),
(542, 1, 2, '2017-11-19', '2017-11-20', '2017-11-21'),
(543, 9, 2, '2017-11-21', '2017-11-22', '2017-11-23'),
(544, 5, 2, '2017-11-23', '2017-11-25', '2017-11-27'),
(545, 9, 2, '2017-11-27', '2017-11-28', '2017-11-29'),
(546, 3, 2, '2017-11-29', '2017-12-02', '2017-12-05'),
(547, 4, 2, '2017-12-05', '2017-12-06', '2017-12-07'),
(548, 2, 2, '2017-12-07', '2017-12-09', '2017-12-11'),
(549, 3, 2, '2017-12-11', '2017-12-14', '2017-12-17'),
(550, 8, 2, '2017-12-17', '2017-12-19', '2017-12-21'),
(551, 7, 2, '2017-12-21', '2017-12-22', '2017-12-23'),
(552, 10, 2, '2017-12-23', '2017-12-26', '2017-12-29'),
(553, 6, 2, '2017-12-29', '2018-01-01', '2018-01-04'),
(554, 3, 2, '2018-01-04', '2018-01-07', '2018-01-10'),
(555, 9, 2, '2018-01-10', '2018-01-11', '2018-01-12'),
(556, 5, 2, '2018-01-12', '2018-01-14', '2018-01-16'),
(557, 1, 2, '2018-01-16', '2018-01-17', '2018-01-18'),
(558, 1, 2, '2018-01-18', '2018-01-19', '2018-01-20'),
(559, 7, 2, '2018-01-20', '2018-01-21', '2018-01-22'),
(560, 8, 2, '2018-01-22', '2018-01-24', '2018-01-26'),
(561, 4, 2, '2018-01-26', '2018-01-27', '2018-01-28'),
(562, 4, 2, '2018-01-28', '2018-01-29', '2018-01-30'),
(563, 2, 2, '2018-01-30', '2018-02-01', '2018-02-03'),
(564, 5, 2, '2018-02-03', '2018-02-05', '2018-02-07'),
(565, 2, 2, '2018-02-07', '2018-02-09', '2018-02-11'),
(566, 7, 2, '2018-02-11', '2018-02-12', '2018-02-13'),
(567, 4, 2, '2018-02-13', '2018-02-14', '2018-02-15'),
(568, 9, 2, '2018-02-15', '2018-02-16', '2018-02-17'),
(569, 2, 2, '2018-02-17', '2018-02-19', '2018-02-21'),
(570, 9, 2, '2018-02-21', '2018-02-22', '2018-02-23'),
(571, 8, 2, '2018-02-23', '2018-02-25', '2018-02-27'),
(572, 1, 2, '2018-02-27', '2018-02-28', '2018-03-01'),
(573, 5, 2, '2018-03-01', '2018-03-03', '2018-03-05'),
(574, 2, 2, '2018-03-05', '2018-03-07', '2018-03-09'),
(575, 9, 2, '2018-03-09', '2018-03-10', '2018-03-11'),
(576, 3, 2, '2018-03-11', '2018-03-14', '2018-03-17'),
(577, 3, 2, '2018-03-17', '2018-03-20', '2018-03-23'),
(578, 10, 2, '2018-03-23', '2018-03-26', '2018-03-29'),
(579, 10, 2, '2018-03-29', '2018-04-01', '2018-04-04'),
(580, 2, 2, '2018-04-04', '2018-04-06', '2018-04-08'),
(581, 7, 2, '2018-04-08', '2018-04-09', '2018-04-10'),
(582, 3, 2, '2018-04-10', '2018-04-13', '2018-04-16'),
(583, 5, 2, '2018-04-16', '2018-04-18', '2018-04-20'),
(584, 10, 2, '2018-04-20', '2018-04-23', '2018-04-26'),
(585, 6, 2, '2018-04-26', '2018-04-29', '2018-05-02'),
(586, 8, 2, '2018-05-02', '2018-05-04', '2018-05-06'),
(587, 4, 2, '2018-05-06', '2018-05-07', '2018-05-08'),
(588, 5, 2, '2018-05-08', '2018-05-10', '2018-05-12'),
(589, 6, 2, '2018-05-12', '2018-05-15', '2018-05-18'),
(590, 6, 2, '2018-05-18', '2018-05-21', '2018-05-24'),
(591, 4, 2, '2018-05-24', '2018-05-25', '2018-05-26'),
(592, 7, 2, '2018-05-26', '2018-05-27', '2018-05-28'),
(593, 3, 2, '2018-05-28', '2018-05-31', '2018-06-03'),
(594, 3, 2, '2018-06-03', '2018-06-06', '2018-06-09'),
(595, 10, 2, '2018-06-09', '2018-06-12', '2018-06-15'),
(596, 9, 2, '2018-06-15', '2018-06-16', '2018-06-17'),
(597, 4, 2, '2018-06-17', '2018-06-18', '2018-06-19'),
(598, 6, 2, '2018-06-19', '2018-06-22', '2018-06-25'),
(599, 4, 2, '2018-06-25', '2018-06-26', '2018-06-27'),
(600, 1, 2, '2018-06-27', '2018-06-28', '2018-06-29'),
(601, 1, 2, '2018-06-29', '2018-06-30', '2018-07-01'),
(602, 6, 2, '2018-07-01', '2018-07-04', '2018-07-07'),
(603, 7, 2, '2018-07-07', '2018-07-08', '2018-07-09'),
(604, 10, 2, '2018-07-09', '2018-07-12', '2018-07-15'),
(605, 1, 2, '2018-07-15', '2018-07-16', '2018-07-17'),
(606, 10, 2, '2018-07-17', '2018-07-20', '2018-07-23'),
(607, 3, 2, '2018-07-23', '2018-07-26', '2018-07-29'),
(608, 5, 2, '2018-07-29', '2018-07-31', '2018-08-02'),
(609, 4, 2, '2018-08-02', '2018-08-03', '2018-08-04'),
(610, 3, 2, '2018-08-04', '2018-08-07', '2018-08-10'),
(611, 3, 2, '2018-08-10', '2018-08-13', '2018-08-16'),
(612, 5, 3, '2015-06-01', '2015-06-03', '2015-06-05'),
(613, 9, 3, '2015-06-05', '2015-06-06', '2015-06-07'),
(614, 6, 3, '2015-06-07', '2015-06-10', '2015-06-13'),
(615, 8, 3, '2015-06-13', '2015-06-15', '2015-06-17'),
(616, 3, 3, '2015-06-17', '2015-06-20', '2015-06-23'),
(617, 9, 3, '2015-06-23', '2015-06-24', '2015-06-25'),
(618, 3, 3, '2015-06-25', '2015-06-28', '2015-07-01'),
(619, 5, 3, '2015-07-01', '2015-07-03', '2015-07-05'),
(620, 2, 3, '2015-07-05', '2015-07-07', '2015-07-09'),
(621, 9, 3, '2015-07-09', '2015-07-10', '2015-07-11'),
(622, 2, 3, '2015-07-11', '2015-07-13', '2015-07-15'),
(623, 3, 3, '2015-07-15', '2015-07-18', '2015-07-21'),
(624, 3, 3, '2015-07-21', '2015-07-24', '2015-07-27'),
(625, 6, 3, '2015-07-27', '2015-07-30', '2015-08-02'),
(626, 4, 3, '2015-08-02', '2015-08-03', '2015-08-04'),
(627, 8, 3, '2015-08-04', '2015-08-06', '2015-08-08'),
(628, 6, 3, '2015-08-08', '2015-08-11', '2015-08-14'),
(629, 2, 3, '2015-08-14', '2015-08-16', '2015-08-18'),
(630, 9, 3, '2015-08-18', '2015-08-19', '2015-08-20'),
(631, 4, 3, '2015-08-20', '2015-08-21', '2015-08-22'),
(632, 7, 3, '2015-08-22', '2015-08-23', '2015-08-24'),
(633, 7, 3, '2015-08-24', '2015-08-25', '2015-08-26'),
(634, 7, 3, '2015-08-26', '2015-08-27', '2015-08-28'),
(635, 3, 3, '2015-08-28', '2015-08-31', '2015-09-03'),
(636, 5, 3, '2015-09-03', '2015-09-05', '2015-09-07'),
(637, 10, 3, '2015-09-07', '2015-09-10', '2015-09-13'),
(638, 3, 3, '2015-09-13', '2015-09-16', '2015-09-19'),
(639, 1, 3, '2015-09-19', '2015-09-20', '2015-09-21'),
(640, 8, 3, '2015-09-21', '2015-09-23', '2015-09-25'),
(641, 3, 3, '2015-09-25', '2015-09-28', '2015-10-01'),
(642, 7, 3, '2015-10-01', '2015-10-02', '2015-10-03'),
(643, 1, 3, '2015-10-03', '2015-10-04', '2015-10-05'),
(644, 3, 3, '2015-10-05', '2015-10-08', '2015-10-11'),
(645, 10, 3, '2015-10-11', '2015-10-14', '2015-10-17'),
(646, 7, 3, '2015-10-17', '2015-10-18', '2015-10-19'),
(647, 5, 3, '2015-10-19', '2015-10-21', '2015-10-23'),
(648, 1, 3, '2015-10-23', '2015-10-24', '2015-10-25'),
(649, 2, 3, '2015-10-25', '2015-10-27', '2015-10-29'),
(650, 8, 3, '2015-10-29', '2015-10-31', '2015-11-02'),
(651, 1, 3, '2015-11-02', '2015-11-03', '2015-11-04'),
(652, 3, 3, '2015-11-04', '2015-11-07', '2015-11-10'),
(653, 5, 3, '2015-11-10', '2015-11-12', '2015-11-14'),
(654, 4, 3, '2015-11-14', '2015-11-15', '2015-11-16'),
(655, 9, 3, '2015-11-16', '2015-11-17', '2015-11-18'),
(656, 2, 3, '2015-11-18', '2015-11-20', '2015-11-22'),
(657, 9, 3, '2015-11-22', '2015-11-23', '2015-11-24'),
(658, 3, 3, '2015-11-24', '2015-11-27', '2015-11-30'),
(659, 4, 3, '2015-11-30', '2015-12-01', '2015-12-02'),
(660, 9, 3, '2015-12-02', '2015-12-03', '2015-12-04'),
(661, 5, 3, '2015-12-04', '2015-12-06', '2015-12-08'),
(662, 6, 3, '2015-12-08', '2015-12-11', '2015-12-14'),
(663, 3, 3, '2015-12-14', '2015-12-17', '2015-12-20'),
(664, 4, 3, '2015-12-20', '2015-12-21', '2015-12-22'),
(665, 4, 3, '2015-12-22', '2015-12-23', '2015-12-24'),
(666, 5, 3, '2015-12-24', '2015-12-26', '2015-12-28'),
(667, 4, 3, '2015-12-28', '2015-12-29', '2015-12-30'),
(668, 8, 3, '2015-12-30', '2016-01-01', '2016-01-03'),
(669, 9, 3, '2016-01-03', '2016-01-04', '2016-01-05'),
(670, 5, 3, '2016-01-05', '2016-01-07', '2016-01-09'),
(671, 5, 3, '2016-01-09', '2016-01-11', '2016-01-13'),
(672, 9, 3, '2016-01-13', '2016-01-14', '2016-01-15'),
(673, 7, 3, '2016-01-15', '2016-01-16', '2016-01-17'),
(674, 7, 3, '2016-01-17', '2016-01-18', '2016-01-19'),
(675, 1, 3, '2016-01-19', '2016-01-20', '2016-01-21'),
(676, 9, 3, '2016-01-21', '2016-01-22', '2016-01-23'),
(677, 7, 3, '2016-01-23', '2016-01-24', '2016-01-25'),
(678, 6, 3, '2016-01-25', '2016-01-28', '2016-01-31'),
(679, 9, 3, '2016-01-31', '2016-02-01', '2016-02-02'),
(680, 1, 3, '2016-02-02', '2016-02-03', '2016-02-04'),
(681, 1, 3, '2016-02-04', '2016-02-05', '2016-02-06'),
(682, 7, 3, '2016-02-06', '2016-02-07', '2016-02-08'),
(683, 1, 3, '2016-02-08', '2016-02-09', '2016-02-10'),
(684, 7, 3, '2016-02-10', '2016-02-11', '2016-02-12'),
(685, 5, 3, '2016-02-12', '2016-02-14', '2016-02-16'),
(686, 9, 3, '2016-02-16', '2016-02-17', '2016-02-18'),
(687, 9, 3, '2016-02-18', '2016-02-19', '2016-02-20'),
(688, 10, 3, '2016-02-20', '2016-02-23', '2016-02-26'),
(689, 4, 3, '2016-02-26', '2016-02-27', '2016-02-28'),
(690, 8, 3, '2016-02-28', '2016-03-01', '2016-03-03'),
(691, 6, 3, '2016-03-03', '2016-03-06', '2016-03-09'),
(692, 9, 3, '2016-03-09', '2016-03-10', '2016-03-11'),
(693, 8, 3, '2016-03-11', '2016-03-13', '2016-03-15'),
(694, 1, 3, '2016-03-15', '2016-03-16', '2016-03-17'),
(695, 4, 3, '2016-03-17', '2016-03-18', '2016-03-19'),
(696, 3, 3, '2016-03-19', '2016-03-22', '2016-03-25'),
(697, 7, 3, '2016-03-25', '2016-03-26', '2016-03-27'),
(698, 1, 3, '2016-03-27', '2016-03-28', '2016-03-29'),
(699, 8, 3, '2016-03-29', '2016-03-31', '2016-04-02'),
(700, 6, 3, '2016-04-02', '2016-04-05', '2016-04-08'),
(701, 1, 3, '2016-04-08', '2016-04-09', '2016-04-10'),
(702, 6, 3, '2016-04-10', '2016-04-13', '2016-04-16'),
(703, 1, 3, '2016-04-16', '2016-04-17', '2016-04-18'),
(704, 5, 3, '2016-04-18', '2016-04-20', '2016-04-22'),
(705, 5, 3, '2016-04-22', '2016-04-24', '2016-04-26'),
(706, 6, 3, '2016-04-26', '2016-04-29', '2016-05-02'),
(707, 7, 3, '2016-05-02', '2016-05-03', '2016-05-04'),
(708, 10, 3, '2016-05-04', '2016-05-07', '2016-05-10'),
(709, 6, 3, '2016-05-10', '2016-05-13', '2016-05-16'),
(710, 6, 3, '2016-05-16', '2016-05-19', '2016-05-22'),
(711, 4, 3, '2016-05-22', '2016-05-23', '2016-05-24'),
(712, 9, 3, '2016-05-24', '2016-05-25', '2016-05-26'),
(713, 4, 3, '2016-05-26', '2016-05-27', '2016-05-28'),
(714, 7, 3, '2016-05-28', '2016-05-29', '2016-05-30'),
(715, 1, 3, '2016-05-30', '2016-05-31', '2016-06-01'),
(716, 1, 3, '2016-06-01', '2016-06-02', '2016-06-03'),
(717, 4, 3, '2016-06-03', '2016-06-04', '2016-06-05'),
(718, 8, 3, '2016-06-05', '2016-06-07', '2016-06-09'),
(719, 9, 3, '2016-06-09', '2016-06-10', '2016-06-11'),
(720, 7, 3, '2016-06-11', '2016-06-12', '2016-06-13'),
(721, 4, 3, '2016-06-13', '2016-06-14', '2016-06-15'),
(722, 9, 3, '2016-06-15', '2016-06-16', '2016-06-17'),
(723, 2, 3, '2016-06-17', '2016-06-19', '2016-06-21'),
(724, 1, 3, '2016-06-21', '2016-06-22', '2016-06-23'),
(725, 2, 3, '2016-06-23', '2016-06-25', '2016-06-27'),
(726, 1, 3, '2016-06-27', '2016-06-28', '2016-06-29'),
(727, 2, 3, '2016-06-29', '2016-07-01', '2016-07-03'),
(728, 5, 3, '2016-07-03', '2016-07-05', '2016-07-07'),
(729, 2, 3, '2016-07-07', '2016-07-09', '2016-07-11'),
(730, 3, 3, '2016-07-11', '2016-07-14', '2016-07-17'),
(731, 1, 3, '2016-07-17', '2016-07-18', '2016-07-19'),
(732, 3, 3, '2016-07-19', '2016-07-22', '2016-07-25'),
(733, 10, 3, '2016-07-25', '2016-07-28', '2016-07-31'),
(734, 3, 3, '2016-07-31', '2016-08-03', '2016-08-06'),
(735, 5, 3, '2016-08-06', '2016-08-08', '2016-08-10'),
(736, 7, 3, '2016-08-10', '2016-08-11', '2016-08-12'),
(737, 4, 3, '2016-08-12', '2016-08-13', '2016-08-14'),
(738, 6, 3, '2016-08-14', '2016-08-17', '2016-08-20'),
(739, 1, 3, '2016-08-20', '2016-08-21', '2016-08-22'),
(740, 8, 3, '2016-08-22', '2016-08-24', '2016-08-26'),
(741, 10, 3, '2016-08-26', '2016-08-29', '2016-09-01'),
(742, 9, 3, '2016-09-01', '2016-09-02', '2016-09-03'),
(743, 2, 3, '2016-09-03', '2016-09-05', '2016-09-07'),
(744, 10, 3, '2016-09-07', '2016-09-10', '2016-09-13'),
(745, 8, 3, '2016-09-13', '2016-09-15', '2016-09-17'),
(746, 9, 3, '2016-09-17', '2016-09-18', '2016-09-19'),
(747, 5, 3, '2016-09-19', '2016-09-21', '2016-09-23'),
(748, 5, 3, '2016-09-23', '2016-09-25', '2016-09-27'),
(749, 3, 3, '2016-09-27', '2016-09-30', '2016-10-03'),
(750, 7, 3, '2016-10-03', '2016-10-04', '2016-10-05'),
(751, 9, 3, '2016-10-05', '2016-10-06', '2016-10-07'),
(752, 6, 3, '2016-10-07', '2016-10-10', '2016-10-13'),
(753, 4, 3, '2016-10-13', '2016-10-14', '2016-10-15'),
(754, 6, 3, '2016-10-15', '2016-10-18', '2016-10-21'),
(755, 9, 3, '2016-10-21', '2016-10-22', '2016-10-23'),
(756, 4, 3, '2016-10-23', '2016-10-24', '2016-10-25'),
(757, 8, 3, '2016-10-25', '2016-10-27', '2016-10-29'),
(758, 6, 3, '2016-10-29', '2016-11-01', '2016-11-04'),
(759, 9, 3, '2016-11-04', '2016-11-05', '2016-11-06'),
(760, 5, 3, '2016-11-06', '2016-11-08', '2016-11-10'),
(761, 7, 3, '2016-11-10', '2016-11-11', '2016-11-12'),
(762, 10, 3, '2016-11-12', '2016-11-15', '2016-11-18'),
(763, 7, 3, '2016-11-18', '2016-11-19', '2016-11-20'),
(764, 10, 3, '2016-11-20', '2016-11-23', '2016-11-26'),
(765, 1, 3, '2016-11-26', '2016-11-27', '2016-11-28'),
(766, 3, 3, '2016-11-28', '2016-12-01', '2016-12-04'),
(767, 7, 3, '2016-12-04', '2016-12-05', '2016-12-06'),
(768, 6, 3, '2016-12-06', '2016-12-09', '2016-12-12'),
(769, 5, 3, '2016-12-12', '2016-12-14', '2016-12-16'),
(770, 5, 3, '2016-12-16', '2016-12-18', '2016-12-20'),
(771, 2, 3, '2016-12-20', '2016-12-22', '2016-12-24'),
(772, 6, 3, '2016-12-24', '2016-12-27', '2016-12-30'),
(773, 5, 3, '2016-12-30', '2017-01-01', '2017-01-03'),
(774, 7, 3, '2017-01-03', '2017-01-04', '2017-01-05'),
(775, 7, 3, '2017-01-05', '2017-01-06', '2017-01-07'),
(776, 8, 3, '2017-01-07', '2017-01-09', '2017-01-11'),
(777, 10, 3, '2017-01-11', '2017-01-14', '2017-01-17'),
(778, 9, 3, '2017-01-17', '2017-01-18', '2017-01-19'),
(779, 9, 3, '2017-01-19', '2017-01-20', '2017-01-21'),
(780, 6, 3, '2017-01-21', '2017-01-24', '2017-01-27'),
(781, 1, 3, '2017-01-27', '2017-01-28', '2017-01-29'),
(782, 9, 3, '2017-01-29', '2017-01-30', '2017-01-31'),
(783, 4, 3, '2017-01-31', '2017-02-01', '2017-02-02'),
(784, 3, 3, '2017-02-02', '2017-02-05', '2017-02-08'),
(785, 3, 3, '2017-02-08', '2017-02-11', '2017-02-14'),
(786, 6, 3, '2017-02-14', '2017-02-17', '2017-02-20'),
(787, 3, 3, '2017-02-20', '2017-02-23', '2017-02-26'),
(788, 5, 3, '2017-02-26', '2017-02-28', '2017-03-02'),
(789, 4, 3, '2017-03-02', '2017-03-03', '2017-03-04'),
(790, 4, 3, '2017-03-04', '2017-03-05', '2017-03-06'),
(791, 9, 3, '2017-03-06', '2017-03-07', '2017-03-08'),
(792, 2, 3, '2017-03-08', '2017-03-10', '2017-03-12'),
(793, 1, 3, '2017-03-12', '2017-03-13', '2017-03-14'),
(794, 10, 3, '2017-03-14', '2017-03-17', '2017-03-20'),
(795, 1, 3, '2017-03-20', '2017-03-21', '2017-03-22'),
(796, 3, 3, '2017-03-22', '2017-03-25', '2017-03-28'),
(797, 3, 3, '2017-03-28', '2017-03-31', '2017-04-03'),
(798, 2, 3, '2017-04-03', '2017-04-05', '2017-04-07'),
(799, 2, 3, '2017-04-07', '2017-04-09', '2017-04-11'),
(800, 10, 3, '2017-04-11', '2017-04-14', '2017-04-17'),
(801, 2, 3, '2017-04-17', '2017-04-19', '2017-04-21'),
(802, 4, 3, '2017-04-21', '2017-04-22', '2017-04-23'),
(803, 3, 3, '2017-04-23', '2017-04-26', '2017-04-29'),
(804, 4, 3, '2017-04-29', '2017-04-30', '2017-05-01'),
(805, 5, 3, '2017-05-01', '2017-05-03', '2017-05-05'),
(806, 5, 3, '2017-05-05', '2017-05-07', '2017-05-09'),
(807, 3, 3, '2017-05-09', '2017-05-12', '2017-05-15'),
(808, 1, 3, '2017-05-15', '2017-05-16', '2017-05-17'),
(809, 3, 3, '2017-05-17', '2017-05-20', '2017-05-23'),
(810, 1, 3, '2017-05-23', '2017-05-24', '2017-05-25'),
(811, 8, 3, '2017-05-25', '2017-05-27', '2017-05-29'),
(812, 1, 3, '2017-05-29', '2017-05-30', '2017-05-31'),
(813, 10, 3, '2017-05-31', '2017-06-03', '2017-06-06'),
(814, 7, 3, '2017-06-06', '2017-06-07', '2017-06-08'),
(815, 8, 3, '2017-06-08', '2017-06-10', '2017-06-12'),
(816, 2, 3, '2017-06-12', '2017-06-14', '2017-06-16'),
(817, 6, 3, '2017-06-16', '2017-06-19', '2017-06-22'),
(818, 2, 3, '2017-06-22', '2017-06-24', '2017-06-26'),
(819, 2, 3, '2017-06-26', '2017-06-28', '2017-06-30'),
(820, 10, 3, '2017-06-30', '2017-07-03', '2017-07-06'),
(821, 6, 3, '2017-07-06', '2017-07-09', '2017-07-12'),
(822, 2, 3, '2017-07-12', '2017-07-14', '2017-07-16'),
(823, 10, 3, '2017-07-16', '2017-07-19', '2017-07-22'),
(824, 2, 3, '2017-07-22', '2017-07-24', '2017-07-26'),
(825, 7, 3, '2017-07-26', '2017-07-27', '2017-07-28'),
(826, 7, 3, '2017-07-28', '2017-07-29', '2017-07-30'),
(827, 8, 3, '2017-07-30', '2017-08-01', '2017-08-03'),
(828, 9, 3, '2017-08-03', '2017-08-04', '2017-08-05'),
(829, 6, 3, '2017-08-05', '2017-08-08', '2017-08-11'),
(830, 4, 3, '2017-08-11', '2017-08-12', '2017-08-13'),
(831, 3, 3, '2017-08-13', '2017-08-16', '2017-08-19'),
(832, 8, 3, '2017-08-19', '2017-08-21', '2017-08-23'),
(833, 3, 3, '2017-08-23', '2017-08-26', '2017-08-29'),
(834, 4, 3, '2017-08-29', '2017-08-30', '2017-08-31'),
(835, 7, 3, '2017-08-31', '2017-09-01', '2017-09-02'),
(836, 5, 3, '2017-09-02', '2017-09-04', '2017-09-06'),
(837, 6, 3, '2017-09-06', '2017-09-09', '2017-09-12'),
(838, 6, 3, '2017-09-12', '2017-09-15', '2017-09-18'),
(839, 7, 3, '2017-09-18', '2017-09-19', '2017-09-20'),
(840, 7, 3, '2017-09-20', '2017-09-21', '2017-09-22'),
(841, 3, 3, '2017-09-22', '2017-09-25', '2017-09-28'),
(842, 6, 3, '2017-09-28', '2017-10-01', '2017-10-04'),
(843, 4, 3, '2017-10-04', '2017-10-05', '2017-10-06'),
(844, 9, 3, '2017-10-06', '2017-10-07', '2017-10-08'),
(845, 5, 3, '2017-10-08', '2017-10-10', '2017-10-12'),
(846, 8, 3, '2017-10-12', '2017-10-14', '2017-10-16'),
(847, 2, 3, '2017-10-16', '2017-10-18', '2017-10-20'),
(848, 5, 3, '2017-10-20', '2017-10-22', '2017-10-24'),
(849, 3, 3, '2017-10-24', '2017-10-27', '2017-10-30'),
(850, 4, 3, '2017-10-30', '2017-10-31', '2017-11-01'),
(851, 7, 3, '2017-11-01', '2017-11-02', '2017-11-03'),
(852, 2, 3, '2017-11-03', '2017-11-05', '2017-11-07'),
(853, 3, 3, '2017-11-07', '2017-11-10', '2017-11-13'),
(854, 10, 3, '2017-11-13', '2017-11-16', '2017-11-19'),
(855, 7, 3, '2017-11-19', '2017-11-20', '2017-11-21'),
(856, 9, 3, '2017-11-21', '2017-11-22', '2017-11-23'),
(857, 7, 3, '2017-11-23', '2017-11-24', '2017-11-25'),
(858, 6, 3, '2017-11-25', '2017-11-28', '2017-12-01'),
(859, 4, 3, '2017-12-01', '2017-12-02', '2017-12-03'),
(860, 7, 3, '2017-12-03', '2017-12-04', '2017-12-05'),
(861, 5, 3, '2017-12-05', '2017-12-07', '2017-12-09'),
(862, 6, 3, '2017-12-09', '2017-12-12', '2017-12-15'),
(863, 5, 3, '2017-12-15', '2017-12-17', '2017-12-19'),
(864, 6, 3, '2017-12-19', '2017-12-22', '2017-12-25'),
(865, 9, 3, '2017-12-25', '2017-12-26', '2017-12-27'),
(866, 9, 3, '2017-12-27', '2017-12-28', '2017-12-29'),
(867, 4, 3, '2017-12-29', '2017-12-30', '2017-12-31'),
(868, 2, 3, '2017-12-31', '2018-01-02', '2018-01-04'),
(869, 10, 3, '2018-01-04', '2018-01-07', '2018-01-10'),
(870, 4, 3, '2018-01-10', '2018-01-11', '2018-01-12'),
(871, 3, 3, '2018-01-12', '2018-01-15', '2018-01-18'),
(872, 3, 3, '2018-01-18', '2018-01-21', '2018-01-24'),
(873, 3, 3, '2018-01-24', '2018-01-27', '2018-01-30'),
(874, 10, 3, '2018-01-30', '2018-02-02', '2018-02-05'),
(875, 8, 3, '2018-02-05', '2018-02-07', '2018-02-09'),
(876, 4, 3, '2018-02-09', '2018-02-10', '2018-02-11'),
(877, 2, 3, '2018-02-11', '2018-02-13', '2018-02-15'),
(878, 2, 3, '2018-02-15', '2018-02-17', '2018-02-19'),
(879, 5, 3, '2018-02-19', '2018-02-21', '2018-02-23'),
(880, 8, 3, '2018-02-23', '2018-02-25', '2018-02-27'),
(881, 6, 3, '2018-02-27', '2018-03-02', '2018-03-05'),
(882, 4, 3, '2018-03-05', '2018-03-06', '2018-03-07'),
(883, 5, 3, '2018-03-07', '2018-03-09', '2018-03-11'),
(884, 4, 3, '2018-03-11', '2018-03-12', '2018-03-13'),
(885, 3, 3, '2018-03-13', '2018-03-16', '2018-03-19'),
(886, 9, 3, '2018-03-19', '2018-03-20', '2018-03-21'),
(887, 4, 3, '2018-03-21', '2018-03-22', '2018-03-23'),
(888, 4, 3, '2018-03-23', '2018-03-24', '2018-03-25'),
(889, 5, 3, '2018-03-25', '2018-03-27', '2018-03-29'),
(890, 9, 3, '2018-03-29', '2018-03-30', '2018-03-31'),
(891, 7, 3, '2018-03-31', '2018-04-01', '2018-04-02'),
(892, 5, 3, '2018-04-02', '2018-04-04', '2018-04-06'),
(893, 5, 3, '2018-04-06', '2018-04-08', '2018-04-10'),
(894, 9, 3, '2018-04-10', '2018-04-11', '2018-04-12'),
(895, 8, 3, '2018-04-12', '2018-04-14', '2018-04-16'),
(896, 3, 3, '2018-04-16', '2018-04-19', '2018-04-22'),
(897, 7, 3, '2018-04-22', '2018-04-23', '2018-04-24'),
(898, 2, 3, '2018-04-24', '2018-04-26', '2018-04-28'),
(899, 8, 3, '2018-04-28', '2018-04-30', '2018-05-02'),
(900, 8, 3, '2018-05-02', '2018-05-04', '2018-05-06'),
(901, 9, 3, '2018-05-06', '2018-05-07', '2018-05-08'),
(902, 2, 3, '2018-05-08', '2018-05-10', '2018-05-12'),
(903, 5, 3, '2018-05-12', '2018-05-14', '2018-05-16'),
(904, 2, 3, '2018-05-16', '2018-05-18', '2018-05-20'),
(905, 5, 3, '2018-05-20', '2018-05-22', '2018-05-24'),
(906, 4, 3, '2018-05-24', '2018-05-25', '2018-05-26'),
(907, 10, 3, '2018-05-26', '2018-05-29', '2018-06-01'),
(908, 6, 3, '2018-06-01', '2018-06-04', '2018-06-07'),
(909, 10, 3, '2018-06-07', '2018-06-10', '2018-06-13'),
(910, 1, 3, '2018-06-13', '2018-06-14', '2018-06-15'),
(911, 8, 3, '2018-06-15', '2018-06-17', '2018-06-19'),
(912, 9, 3, '2018-06-19', '2018-06-20', '2018-06-21'),
(913, 4, 3, '2018-06-21', '2018-06-22', '2018-06-23'),
(914, 3, 3, '2018-06-23', '2018-06-26', '2018-06-29'),
(915, 2, 3, '2018-06-29', '2018-07-01', '2018-07-03'),
(916, 8, 3, '2018-07-03', '2018-07-05', '2018-07-07'),
(917, 7, 3, '2018-07-07', '2018-07-08', '2018-07-09'),
(918, 8, 3, '2018-07-09', '2018-07-11', '2018-07-13'),
(919, 1, 3, '2018-07-13', '2018-07-14', '2018-07-15'),
(920, 4, 3, '2018-07-15', '2018-07-16', '2018-07-17'),
(921, 5, 3, '2018-07-17', '2018-07-19', '2018-07-21'),
(922, 6, 3, '2018-07-21', '2018-07-24', '2018-07-27'),
(923, 8, 3, '2018-07-27', '2018-07-29', '2018-07-31'),
(924, 6, 3, '2018-07-31', '2018-08-03', '2018-08-06'),
(925, 2, 3, '2018-08-06', '2018-08-08', '2018-08-10'),
(926, 10, 3, '2018-08-10', '2018-08-13', '2018-08-16'),
(927, 5, 4, '2015-06-01', '2015-06-03', '2015-06-05'),
(928, 3, 4, '2015-06-05', '2015-06-08', '2015-06-11'),
(929, 7, 4, '2015-06-11', '2015-06-12', '2015-06-13'),
(930, 8, 4, '2015-06-13', '2015-06-15', '2015-06-17'),
(931, 9, 4, '2015-06-17', '2015-06-18', '2015-06-19'),
(932, 2, 4, '2015-06-19', '2015-06-21', '2015-06-23'),
(933, 4, 4, '2015-06-23', '2015-06-24', '2015-06-25'),
(934, 8, 4, '2015-06-25', '2015-06-27', '2015-06-29'),
(935, 6, 4, '2015-06-29', '2015-07-02', '2015-07-05'),
(936, 2, 4, '2015-07-05', '2015-07-07', '2015-07-09'),
(937, 7, 4, '2015-07-09', '2015-07-10', '2015-07-11'),
(938, 6, 4, '2015-07-11', '2015-07-14', '2015-07-17'),
(939, 3, 4, '2015-07-17', '2015-07-20', '2015-07-23'),
(940, 7, 4, '2015-07-23', '2015-07-24', '2015-07-25'),
(941, 6, 4, '2015-07-25', '2015-07-28', '2015-07-31');
INSERT INTO `route` (`id`, `region_id`, `courier_id`, `start_date`, `arrival_date`, `back_date`) VALUES
(942, 10, 4, '2015-07-31', '2015-08-03', '2015-08-06'),
(943, 9, 4, '2015-08-06', '2015-08-07', '2015-08-08'),
(944, 10, 4, '2015-08-08', '2015-08-11', '2015-08-14'),
(945, 9, 4, '2015-08-14', '2015-08-15', '2015-08-16'),
(946, 3, 4, '2015-08-16', '2015-08-19', '2015-08-22'),
(947, 6, 4, '2015-08-22', '2015-08-25', '2015-08-28'),
(948, 5, 4, '2015-08-28', '2015-08-30', '2015-09-01'),
(949, 7, 4, '2015-09-01', '2015-09-02', '2015-09-03'),
(950, 1, 4, '2015-09-03', '2015-09-04', '2015-09-05'),
(951, 3, 4, '2015-09-05', '2015-09-08', '2015-09-11'),
(952, 9, 4, '2015-09-11', '2015-09-12', '2015-09-13'),
(953, 1, 4, '2015-09-13', '2015-09-14', '2015-09-15'),
(954, 5, 4, '2015-09-15', '2015-09-17', '2015-09-19'),
(955, 7, 4, '2015-09-19', '2015-09-20', '2015-09-21'),
(956, 10, 4, '2015-09-21', '2015-09-24', '2015-09-27'),
(957, 9, 4, '2015-09-27', '2015-09-28', '2015-09-29'),
(958, 7, 4, '2015-09-29', '2015-09-30', '2015-10-01'),
(959, 10, 4, '2015-10-01', '2015-10-04', '2015-10-07'),
(960, 6, 4, '2015-10-07', '2015-10-10', '2015-10-13'),
(961, 4, 4, '2015-10-13', '2015-10-14', '2015-10-15'),
(962, 3, 4, '2015-10-15', '2015-10-18', '2015-10-21'),
(963, 8, 4, '2015-10-21', '2015-10-23', '2015-10-25'),
(964, 4, 4, '2015-10-25', '2015-10-26', '2015-10-27'),
(965, 10, 4, '2015-10-27', '2015-10-30', '2015-11-02'),
(966, 3, 4, '2015-11-02', '2015-11-05', '2015-11-08'),
(967, 6, 4, '2015-11-08', '2015-11-11', '2015-11-14'),
(968, 2, 4, '2015-11-14', '2015-11-16', '2015-11-18'),
(969, 9, 4, '2015-11-18', '2015-11-19', '2015-11-20'),
(970, 2, 4, '2015-11-20', '2015-11-22', '2015-11-24'),
(971, 6, 4, '2015-11-24', '2015-11-27', '2015-11-30'),
(972, 7, 4, '2015-11-30', '2015-12-01', '2015-12-02'),
(973, 7, 4, '2015-12-02', '2015-12-03', '2015-12-04'),
(974, 9, 4, '2015-12-04', '2015-12-05', '2015-12-06'),
(975, 2, 4, '2015-12-06', '2015-12-08', '2015-12-10'),
(976, 7, 4, '2015-12-10', '2015-12-11', '2015-12-12'),
(977, 2, 4, '2015-12-12', '2015-12-14', '2015-12-16'),
(978, 4, 4, '2015-12-16', '2015-12-17', '2015-12-18'),
(979, 5, 4, '2015-12-18', '2015-12-20', '2015-12-22'),
(980, 4, 4, '2015-12-22', '2015-12-23', '2015-12-24'),
(981, 10, 4, '2015-12-24', '2015-12-27', '2015-12-30'),
(982, 6, 4, '2015-12-30', '2016-01-02', '2016-01-05'),
(983, 6, 4, '2016-01-05', '2016-01-08', '2016-01-11'),
(984, 7, 4, '2016-01-11', '2016-01-12', '2016-01-13'),
(985, 2, 4, '2016-01-13', '2016-01-15', '2016-01-17'),
(986, 3, 4, '2016-01-17', '2016-01-20', '2016-01-23'),
(987, 6, 4, '2016-01-23', '2016-01-26', '2016-01-29'),
(988, 10, 4, '2016-01-29', '2016-02-01', '2016-02-04'),
(989, 9, 4, '2016-02-04', '2016-02-05', '2016-02-06'),
(990, 10, 4, '2016-02-06', '2016-02-09', '2016-02-12'),
(991, 2, 4, '2016-02-12', '2016-02-14', '2016-02-16'),
(992, 7, 4, '2016-02-16', '2016-02-17', '2016-02-18'),
(993, 1, 4, '2016-02-18', '2016-02-19', '2016-02-20'),
(994, 1, 4, '2016-02-20', '2016-02-21', '2016-02-22'),
(995, 4, 4, '2016-02-22', '2016-02-23', '2016-02-24'),
(996, 7, 4, '2016-02-24', '2016-02-25', '2016-02-26'),
(997, 5, 4, '2016-02-26', '2016-02-28', '2016-03-01'),
(998, 4, 4, '2016-03-01', '2016-03-02', '2016-03-03'),
(999, 10, 4, '2016-03-03', '2016-03-06', '2016-03-09'),
(1000, 1, 4, '2016-03-09', '2016-03-10', '2016-03-11'),
(1001, 7, 4, '2016-03-11', '2016-03-12', '2016-03-13'),
(1002, 9, 4, '2016-03-13', '2016-03-14', '2016-03-15'),
(1003, 7, 4, '2016-03-15', '2016-03-16', '2016-03-17'),
(1004, 3, 4, '2016-03-17', '2016-03-20', '2016-03-23'),
(1005, 4, 4, '2016-03-23', '2016-03-24', '2016-03-25'),
(1006, 6, 4, '2016-03-25', '2016-03-28', '2016-03-31'),
(1007, 4, 4, '2016-03-31', '2016-04-01', '2016-04-02'),
(1008, 2, 4, '2016-04-02', '2016-04-04', '2016-04-06'),
(1009, 3, 4, '2016-04-06', '2016-04-09', '2016-04-12'),
(1010, 2, 4, '2016-04-12', '2016-04-14', '2016-04-16'),
(1011, 9, 4, '2016-04-16', '2016-04-17', '2016-04-18'),
(1012, 1, 4, '2016-04-18', '2016-04-19', '2016-04-20'),
(1013, 3, 4, '2016-04-20', '2016-04-23', '2016-04-26'),
(1014, 2, 4, '2016-04-26', '2016-04-28', '2016-04-30'),
(1015, 7, 4, '2016-04-30', '2016-05-01', '2016-05-02'),
(1016, 4, 4, '2016-05-02', '2016-05-03', '2016-05-04'),
(1017, 5, 4, '2016-05-04', '2016-05-06', '2016-05-08'),
(1018, 9, 4, '2016-05-08', '2016-05-09', '2016-05-10'),
(1019, 6, 4, '2016-05-10', '2016-05-13', '2016-05-16'),
(1020, 8, 4, '2016-05-16', '2016-05-18', '2016-05-20'),
(1021, 5, 4, '2016-05-20', '2016-05-22', '2016-05-24'),
(1022, 9, 4, '2016-05-24', '2016-05-25', '2016-05-26'),
(1023, 3, 4, '2016-05-26', '2016-05-29', '2016-06-01'),
(1024, 1, 4, '2016-06-01', '2016-06-02', '2016-06-03'),
(1025, 3, 4, '2016-06-03', '2016-06-06', '2016-06-09'),
(1026, 5, 4, '2016-06-09', '2016-06-11', '2016-06-13'),
(1027, 7, 4, '2016-06-13', '2016-06-14', '2016-06-15'),
(1028, 7, 4, '2016-06-15', '2016-06-16', '2016-06-17'),
(1029, 6, 4, '2016-06-17', '2016-06-20', '2016-06-23'),
(1030, 8, 4, '2016-06-23', '2016-06-25', '2016-06-27'),
(1031, 3, 4, '2016-06-27', '2016-06-30', '2016-07-03'),
(1032, 3, 4, '2016-07-03', '2016-07-06', '2016-07-09'),
(1033, 4, 4, '2016-07-09', '2016-07-10', '2016-07-11'),
(1034, 2, 4, '2016-07-11', '2016-07-13', '2016-07-15'),
(1035, 2, 4, '2016-07-15', '2016-07-17', '2016-07-19'),
(1036, 2, 4, '2016-07-19', '2016-07-21', '2016-07-23'),
(1037, 4, 4, '2016-07-23', '2016-07-24', '2016-07-25'),
(1038, 6, 4, '2016-07-25', '2016-07-28', '2016-07-31'),
(1039, 10, 4, '2016-07-31', '2016-08-03', '2016-08-06'),
(1040, 4, 4, '2016-08-06', '2016-08-07', '2016-08-08'),
(1041, 10, 4, '2016-08-08', '2016-08-11', '2016-08-14'),
(1042, 5, 4, '2016-08-14', '2016-08-16', '2016-08-18'),
(1043, 3, 4, '2016-08-18', '2016-08-21', '2016-08-24'),
(1044, 6, 4, '2016-08-24', '2016-08-27', '2016-08-30'),
(1045, 7, 4, '2016-08-30', '2016-08-31', '2016-09-01'),
(1046, 9, 4, '2016-09-01', '2016-09-02', '2016-09-03'),
(1047, 5, 4, '2016-09-03', '2016-09-05', '2016-09-07'),
(1048, 9, 4, '2016-09-07', '2016-09-08', '2016-09-09'),
(1049, 4, 4, '2016-09-09', '2016-09-10', '2016-09-11'),
(1050, 3, 4, '2016-09-11', '2016-09-14', '2016-09-17'),
(1051, 8, 4, '2016-09-17', '2016-09-19', '2016-09-21'),
(1052, 3, 4, '2016-09-21', '2016-09-24', '2016-09-27'),
(1053, 8, 4, '2016-09-27', '2016-09-29', '2016-10-01'),
(1054, 7, 4, '2016-10-01', '2016-10-02', '2016-10-03'),
(1055, 9, 4, '2016-10-03', '2016-10-04', '2016-10-05'),
(1056, 7, 4, '2016-10-05', '2016-10-06', '2016-10-07'),
(1057, 10, 4, '2016-10-07', '2016-10-10', '2016-10-13'),
(1058, 2, 4, '2016-10-13', '2016-10-15', '2016-10-17'),
(1059, 4, 4, '2016-10-17', '2016-10-18', '2016-10-19'),
(1060, 6, 4, '2016-10-19', '2016-10-22', '2016-10-25'),
(1061, 3, 4, '2016-10-25', '2016-10-28', '2016-10-31'),
(1062, 10, 4, '2016-10-31', '2016-11-03', '2016-11-06'),
(1063, 2, 4, '2016-11-06', '2016-11-08', '2016-11-10'),
(1064, 1, 4, '2016-11-10', '2016-11-11', '2016-11-12'),
(1065, 5, 4, '2016-11-12', '2016-11-14', '2016-11-16'),
(1066, 9, 4, '2016-11-16', '2016-11-17', '2016-11-18'),
(1067, 3, 4, '2016-11-18', '2016-11-21', '2016-11-24'),
(1068, 10, 4, '2016-11-24', '2016-11-27', '2016-11-30'),
(1069, 7, 4, '2016-11-30', '2016-12-01', '2016-12-02'),
(1070, 5, 4, '2016-12-02', '2016-12-04', '2016-12-06'),
(1071, 7, 4, '2016-12-06', '2016-12-07', '2016-12-08'),
(1072, 3, 4, '2016-12-08', '2016-12-11', '2016-12-14'),
(1073, 1, 4, '2016-12-14', '2016-12-15', '2016-12-16'),
(1074, 2, 4, '2016-12-16', '2016-12-18', '2016-12-20'),
(1075, 6, 4, '2016-12-20', '2016-12-23', '2016-12-26'),
(1076, 5, 4, '2016-12-26', '2016-12-28', '2016-12-30'),
(1077, 3, 4, '2016-12-30', '2017-01-02', '2017-01-05'),
(1078, 2, 4, '2017-01-05', '2017-01-07', '2017-01-09'),
(1079, 6, 4, '2017-01-09', '2017-01-12', '2017-01-15'),
(1080, 6, 4, '2017-01-15', '2017-01-18', '2017-01-21'),
(1081, 10, 4, '2017-01-21', '2017-01-24', '2017-01-27'),
(1082, 2, 4, '2017-01-27', '2017-01-29', '2017-01-31'),
(1083, 3, 4, '2017-01-31', '2017-02-03', '2017-02-06'),
(1084, 3, 4, '2017-02-06', '2017-02-09', '2017-02-12'),
(1085, 9, 4, '2017-02-12', '2017-02-13', '2017-02-14'),
(1086, 4, 4, '2017-02-14', '2017-02-15', '2017-02-16'),
(1087, 4, 4, '2017-02-16', '2017-02-17', '2017-02-18'),
(1088, 4, 4, '2017-02-18', '2017-02-19', '2017-02-20'),
(1089, 4, 4, '2017-02-20', '2017-02-21', '2017-02-22'),
(1090, 9, 4, '2017-02-22', '2017-02-23', '2017-02-24'),
(1091, 9, 4, '2017-02-24', '2017-02-25', '2017-02-26'),
(1092, 7, 4, '2017-02-26', '2017-02-27', '2017-02-28'),
(1093, 10, 4, '2017-02-28', '2017-03-03', '2017-03-06'),
(1094, 7, 4, '2017-03-06', '2017-03-07', '2017-03-08'),
(1095, 2, 4, '2017-03-08', '2017-03-10', '2017-03-12'),
(1096, 4, 4, '2017-03-12', '2017-03-13', '2017-03-14'),
(1097, 8, 4, '2017-03-14', '2017-03-16', '2017-03-18'),
(1098, 4, 4, '2017-03-18', '2017-03-19', '2017-03-20'),
(1099, 9, 4, '2017-03-20', '2017-03-21', '2017-03-22'),
(1100, 7, 4, '2017-03-22', '2017-03-23', '2017-03-24'),
(1101, 10, 4, '2017-03-24', '2017-03-27', '2017-03-30'),
(1102, 8, 4, '2017-03-30', '2017-04-01', '2017-04-03'),
(1103, 5, 4, '2017-04-03', '2017-04-05', '2017-04-07'),
(1104, 9, 4, '2017-04-07', '2017-04-08', '2017-04-09'),
(1105, 4, 4, '2017-04-09', '2017-04-10', '2017-04-11'),
(1106, 1, 4, '2017-04-11', '2017-04-12', '2017-04-13'),
(1107, 5, 4, '2017-04-13', '2017-04-15', '2017-04-17'),
(1108, 4, 4, '2017-04-17', '2017-04-18', '2017-04-19'),
(1109, 6, 4, '2017-04-19', '2017-04-22', '2017-04-25'),
(1110, 9, 4, '2017-04-25', '2017-04-26', '2017-04-27'),
(1111, 5, 4, '2017-04-27', '2017-04-29', '2017-05-01'),
(1112, 2, 4, '2017-05-01', '2017-05-03', '2017-05-05'),
(1113, 3, 4, '2017-05-05', '2017-05-08', '2017-05-11'),
(1114, 6, 4, '2017-05-11', '2017-05-14', '2017-05-17'),
(1115, 1, 4, '2017-05-17', '2017-05-18', '2017-05-19'),
(1116, 9, 4, '2017-05-19', '2017-05-20', '2017-05-21'),
(1117, 7, 4, '2017-05-21', '2017-05-22', '2017-05-23'),
(1118, 1, 4, '2017-05-23', '2017-05-24', '2017-05-25'),
(1119, 8, 4, '2017-05-25', '2017-05-27', '2017-05-29'),
(1120, 7, 4, '2017-05-29', '2017-05-30', '2017-05-31'),
(1121, 5, 4, '2017-05-31', '2017-06-02', '2017-06-04'),
(1122, 1, 4, '2017-06-04', '2017-06-05', '2017-06-06'),
(1123, 8, 4, '2017-06-06', '2017-06-08', '2017-06-10'),
(1124, 5, 4, '2017-06-10', '2017-06-12', '2017-06-14'),
(1125, 4, 4, '2017-06-14', '2017-06-15', '2017-06-16'),
(1126, 9, 4, '2017-06-16', '2017-06-17', '2017-06-18'),
(1127, 4, 4, '2017-06-18', '2017-06-19', '2017-06-20'),
(1128, 5, 4, '2017-06-20', '2017-06-22', '2017-06-24'),
(1129, 7, 4, '2017-06-24', '2017-06-25', '2017-06-26'),
(1130, 1, 4, '2017-06-26', '2017-06-27', '2017-06-28'),
(1131, 1, 4, '2017-06-28', '2017-06-29', '2017-06-30'),
(1132, 1, 4, '2017-06-30', '2017-07-01', '2017-07-02'),
(1133, 2, 4, '2017-07-02', '2017-07-04', '2017-07-06'),
(1134, 2, 4, '2017-07-06', '2017-07-08', '2017-07-10'),
(1135, 4, 4, '2017-07-10', '2017-07-11', '2017-07-12'),
(1136, 6, 4, '2017-07-12', '2017-07-15', '2017-07-18'),
(1137, 5, 4, '2017-07-18', '2017-07-20', '2017-07-22'),
(1138, 10, 4, '2017-07-22', '2017-07-25', '2017-07-28'),
(1139, 3, 4, '2017-07-28', '2017-07-31', '2017-08-03'),
(1140, 5, 4, '2017-08-03', '2017-08-05', '2017-08-07'),
(1141, 6, 4, '2017-08-07', '2017-08-10', '2017-08-13'),
(1142, 9, 4, '2017-08-13', '2017-08-14', '2017-08-15'),
(1143, 8, 4, '2017-08-15', '2017-08-17', '2017-08-19'),
(1144, 6, 4, '2017-08-19', '2017-08-22', '2017-08-25'),
(1145, 1, 4, '2017-08-25', '2017-08-26', '2017-08-27'),
(1146, 1, 4, '2017-08-27', '2017-08-28', '2017-08-29'),
(1147, 2, 4, '2017-08-29', '2017-08-31', '2017-09-02'),
(1148, 10, 4, '2017-09-02', '2017-09-05', '2017-09-08'),
(1149, 2, 4, '2017-09-08', '2017-09-10', '2017-09-12'),
(1150, 8, 4, '2017-09-12', '2017-09-14', '2017-09-16'),
(1151, 5, 4, '2017-09-16', '2017-09-18', '2017-09-20'),
(1152, 9, 4, '2017-09-20', '2017-09-21', '2017-09-22'),
(1153, 8, 4, '2017-09-22', '2017-09-24', '2017-09-26'),
(1154, 9, 4, '2017-09-26', '2017-09-27', '2017-09-28'),
(1155, 10, 4, '2017-09-28', '2017-10-01', '2017-10-04'),
(1156, 6, 4, '2017-10-04', '2017-10-07', '2017-10-10'),
(1157, 10, 4, '2017-10-10', '2017-10-13', '2017-10-16'),
(1158, 7, 4, '2017-10-16', '2017-10-17', '2017-10-18'),
(1159, 6, 4, '2017-10-18', '2017-10-21', '2017-10-24'),
(1160, 5, 4, '2017-10-24', '2017-10-26', '2017-10-28'),
(1161, 7, 4, '2017-10-28', '2017-10-29', '2017-10-30'),
(1162, 3, 4, '2017-10-30', '2017-11-02', '2017-11-05'),
(1163, 6, 4, '2017-11-05', '2017-11-08', '2017-11-11'),
(1164, 6, 4, '2017-11-11', '2017-11-14', '2017-11-17'),
(1165, 5, 4, '2017-11-17', '2017-11-19', '2017-11-21'),
(1166, 8, 4, '2017-11-21', '2017-11-23', '2017-11-25'),
(1167, 9, 4, '2017-11-25', '2017-11-26', '2017-11-27'),
(1168, 3, 4, '2017-11-27', '2017-11-30', '2017-12-03'),
(1169, 3, 4, '2017-12-03', '2017-12-06', '2017-12-09'),
(1170, 1, 4, '2017-12-09', '2017-12-10', '2017-12-11'),
(1171, 9, 4, '2017-12-11', '2017-12-12', '2017-12-13'),
(1172, 3, 4, '2017-12-13', '2017-12-16', '2017-12-19'),
(1173, 7, 4, '2017-12-19', '2017-12-20', '2017-12-21'),
(1174, 3, 4, '2017-12-21', '2017-12-24', '2017-12-27'),
(1175, 9, 4, '2017-12-27', '2017-12-28', '2017-12-29'),
(1176, 10, 4, '2017-12-29', '2018-01-01', '2018-01-04'),
(1177, 3, 4, '2018-01-04', '2018-01-07', '2018-01-10'),
(1178, 7, 4, '2018-01-10', '2018-01-11', '2018-01-12'),
(1179, 4, 4, '2018-01-12', '2018-01-13', '2018-01-14'),
(1180, 2, 4, '2018-01-14', '2018-01-16', '2018-01-18'),
(1181, 3, 4, '2018-01-18', '2018-01-21', '2018-01-24'),
(1182, 5, 4, '2018-01-24', '2018-01-26', '2018-01-28'),
(1183, 7, 4, '2018-01-28', '2018-01-29', '2018-01-30'),
(1184, 8, 4, '2018-01-30', '2018-02-01', '2018-02-03'),
(1185, 7, 4, '2018-02-03', '2018-02-04', '2018-02-05'),
(1186, 10, 4, '2018-02-05', '2018-02-08', '2018-02-11'),
(1187, 7, 4, '2018-02-11', '2018-02-12', '2018-02-13'),
(1188, 9, 4, '2018-02-13', '2018-02-14', '2018-02-15'),
(1189, 2, 4, '2018-02-15', '2018-02-17', '2018-02-19'),
(1190, 8, 4, '2018-02-19', '2018-02-21', '2018-02-23'),
(1191, 10, 4, '2018-02-23', '2018-02-26', '2018-03-01'),
(1192, 10, 4, '2018-03-01', '2018-03-04', '2018-03-07'),
(1193, 10, 4, '2018-03-07', '2018-03-10', '2018-03-13'),
(1194, 4, 4, '2018-03-13', '2018-03-14', '2018-03-15'),
(1195, 10, 4, '2018-03-15', '2018-03-18', '2018-03-21'),
(1196, 1, 4, '2018-03-21', '2018-03-22', '2018-03-23'),
(1197, 6, 4, '2018-03-23', '2018-03-26', '2018-03-29'),
(1198, 5, 4, '2018-03-29', '2018-03-31', '2018-04-02'),
(1199, 1, 4, '2018-04-02', '2018-04-03', '2018-04-04'),
(1200, 5, 4, '2018-04-04', '2018-04-06', '2018-04-08'),
(1201, 6, 4, '2018-04-08', '2018-04-11', '2018-04-14'),
(1202, 5, 4, '2018-04-14', '2018-04-16', '2018-04-18'),
(1203, 4, 4, '2018-04-18', '2018-04-19', '2018-04-20'),
(1204, 5, 4, '2018-04-20', '2018-04-22', '2018-04-24'),
(1205, 7, 4, '2018-04-24', '2018-04-25', '2018-04-26'),
(1206, 7, 4, '2018-04-26', '2018-04-27', '2018-04-28'),
(1207, 9, 4, '2018-04-28', '2018-04-29', '2018-04-30'),
(1208, 9, 4, '2018-04-30', '2018-05-01', '2018-05-02'),
(1209, 8, 4, '2018-05-02', '2018-05-04', '2018-05-06'),
(1210, 6, 4, '2018-05-06', '2018-05-09', '2018-05-12'),
(1211, 10, 4, '2018-05-12', '2018-05-15', '2018-05-18'),
(1212, 7, 4, '2018-05-18', '2018-05-19', '2018-05-20'),
(1213, 5, 4, '2018-05-20', '2018-05-22', '2018-05-24'),
(1214, 4, 4, '2018-05-24', '2018-05-25', '2018-05-26'),
(1215, 4, 4, '2018-05-26', '2018-05-27', '2018-05-28'),
(1216, 5, 4, '2018-05-28', '2018-05-30', '2018-06-01'),
(1217, 1, 4, '2018-06-01', '2018-06-02', '2018-06-03'),
(1218, 10, 4, '2018-06-03', '2018-06-06', '2018-06-09'),
(1219, 3, 4, '2018-06-09', '2018-06-12', '2018-06-15'),
(1220, 7, 4, '2018-06-15', '2018-06-16', '2018-06-17'),
(1221, 1, 4, '2018-06-17', '2018-06-18', '2018-06-19'),
(1222, 10, 4, '2018-06-19', '2018-06-22', '2018-06-25'),
(1223, 10, 4, '2018-06-25', '2018-06-28', '2018-07-01'),
(1224, 6, 4, '2018-07-01', '2018-07-04', '2018-07-07'),
(1225, 10, 4, '2018-07-07', '2018-07-10', '2018-07-13'),
(1226, 4, 4, '2018-07-13', '2018-07-14', '2018-07-15'),
(1227, 7, 4, '2018-07-15', '2018-07-16', '2018-07-17'),
(1228, 5, 4, '2018-07-17', '2018-07-19', '2018-07-21'),
(1229, 10, 4, '2018-07-21', '2018-07-24', '2018-07-27'),
(1230, 6, 4, '2018-07-27', '2018-07-30', '2018-08-02'),
(1231, 6, 4, '2018-08-02', '2018-08-05', '2018-08-08'),
(1232, 1, 4, '2018-08-08', '2018-08-09', '2018-08-10'),
(1233, 10, 4, '2018-08-10', '2018-08-13', '2018-08-16'),
(1234, 8, 5, '2015-06-01', '2015-06-03', '2015-06-05'),
(1235, 2, 5, '2015-06-05', '2015-06-07', '2015-06-09'),
(1236, 4, 5, '2015-06-09', '2015-06-10', '2015-06-11'),
(1237, 5, 5, '2015-06-11', '2015-06-13', '2015-06-15'),
(1238, 4, 5, '2015-06-15', '2015-06-16', '2015-06-17'),
(1239, 6, 5, '2015-06-17', '2015-06-20', '2015-06-23'),
(1240, 1, 5, '2015-06-23', '2015-06-24', '2015-06-25'),
(1241, 10, 5, '2015-06-25', '2015-06-28', '2015-07-01'),
(1242, 2, 5, '2015-07-01', '2015-07-03', '2015-07-05'),
(1243, 9, 5, '2015-07-05', '2015-07-06', '2015-07-07'),
(1244, 3, 5, '2015-07-07', '2015-07-10', '2015-07-13'),
(1245, 7, 5, '2015-07-13', '2015-07-14', '2015-07-15'),
(1246, 3, 5, '2015-07-15', '2015-07-18', '2015-07-21'),
(1247, 9, 5, '2015-07-21', '2015-07-22', '2015-07-23'),
(1248, 8, 5, '2015-07-23', '2015-07-25', '2015-07-27'),
(1249, 6, 5, '2015-07-27', '2015-07-30', '2015-08-02'),
(1250, 2, 5, '2015-08-02', '2015-08-04', '2015-08-06'),
(1251, 10, 5, '2015-08-06', '2015-08-09', '2015-08-12'),
(1252, 3, 5, '2015-08-12', '2015-08-15', '2015-08-18'),
(1253, 7, 5, '2015-08-18', '2015-08-19', '2015-08-20'),
(1254, 6, 5, '2015-08-20', '2015-08-23', '2015-08-26'),
(1255, 2, 5, '2015-08-26', '2015-08-28', '2015-08-30'),
(1256, 8, 5, '2015-08-30', '2015-09-01', '2015-09-03'),
(1257, 5, 5, '2015-09-03', '2015-09-05', '2015-09-07'),
(1258, 3, 5, '2015-09-07', '2015-09-10', '2015-09-13'),
(1259, 2, 5, '2015-09-13', '2015-09-15', '2015-09-17'),
(1260, 7, 5, '2015-09-17', '2015-09-18', '2015-09-19'),
(1261, 6, 5, '2015-09-19', '2015-09-22', '2015-09-25'),
(1262, 6, 5, '2015-09-25', '2015-09-28', '2015-10-01'),
(1263, 9, 5, '2015-10-01', '2015-10-02', '2015-10-03'),
(1264, 1, 5, '2015-10-03', '2015-10-04', '2015-10-05'),
(1265, 6, 5, '2015-10-05', '2015-10-08', '2015-10-11'),
(1266, 9, 5, '2015-10-11', '2015-10-12', '2015-10-13'),
(1267, 2, 5, '2015-10-13', '2015-10-15', '2015-10-17'),
(1268, 8, 5, '2015-10-17', '2015-10-19', '2015-10-21'),
(1269, 2, 5, '2015-10-21', '2015-10-23', '2015-10-25'),
(1270, 6, 5, '2015-10-25', '2015-10-28', '2015-10-31'),
(1271, 9, 5, '2015-10-31', '2015-11-01', '2015-11-02'),
(1272, 5, 5, '2015-11-02', '2015-11-04', '2015-11-06'),
(1273, 3, 5, '2015-11-06', '2015-11-09', '2015-11-12'),
(1274, 10, 5, '2015-11-12', '2015-11-15', '2015-11-18'),
(1275, 3, 5, '2015-11-18', '2015-11-21', '2015-11-24'),
(1276, 4, 5, '2015-11-24', '2015-11-25', '2015-11-26'),
(1277, 8, 5, '2015-11-26', '2015-11-28', '2015-11-30'),
(1278, 3, 5, '2015-11-30', '2015-12-03', '2015-12-06'),
(1279, 7, 5, '2015-12-06', '2015-12-07', '2015-12-08'),
(1280, 2, 5, '2015-12-08', '2015-12-10', '2015-12-12'),
(1281, 6, 5, '2015-12-12', '2015-12-15', '2015-12-18'),
(1282, 1, 5, '2015-12-18', '2015-12-19', '2015-12-20'),
(1283, 3, 5, '2015-12-20', '2015-12-23', '2015-12-26'),
(1284, 7, 5, '2015-12-26', '2015-12-27', '2015-12-28'),
(1285, 3, 5, '2015-12-28', '2015-12-31', '2016-01-03'),
(1286, 4, 5, '2016-01-03', '2016-01-04', '2016-01-05'),
(1287, 3, 5, '2016-01-05', '2016-01-08', '2016-01-11'),
(1288, 3, 5, '2016-01-11', '2016-01-14', '2016-01-17'),
(1289, 5, 5, '2016-01-17', '2016-01-19', '2016-01-21'),
(1290, 9, 5, '2016-01-21', '2016-01-22', '2016-01-23'),
(1291, 3, 5, '2016-01-23', '2016-01-26', '2016-01-29'),
(1292, 3, 5, '2016-01-29', '2016-02-01', '2016-02-04'),
(1293, 1, 5, '2016-02-04', '2016-02-05', '2016-02-06'),
(1294, 10, 5, '2016-02-06', '2016-02-09', '2016-02-12'),
(1295, 6, 5, '2016-02-12', '2016-02-15', '2016-02-18'),
(1296, 9, 5, '2016-02-18', '2016-02-19', '2016-02-20'),
(1297, 4, 5, '2016-02-20', '2016-02-21', '2016-02-22'),
(1298, 4, 5, '2016-02-22', '2016-02-23', '2016-02-24'),
(1299, 10, 5, '2016-02-24', '2016-02-27', '2016-03-01'),
(1300, 5, 5, '2016-03-01', '2016-03-03', '2016-03-05'),
(1301, 2, 5, '2016-03-05', '2016-03-07', '2016-03-09'),
(1302, 2, 5, '2016-03-09', '2016-03-11', '2016-03-13'),
(1303, 1, 5, '2016-03-13', '2016-03-14', '2016-03-15'),
(1304, 6, 5, '2016-03-15', '2016-03-18', '2016-03-21'),
(1305, 1, 5, '2016-03-21', '2016-03-22', '2016-03-23'),
(1306, 3, 5, '2016-03-23', '2016-03-26', '2016-03-29'),
(1307, 3, 5, '2016-03-29', '2016-04-01', '2016-04-04'),
(1308, 7, 5, '2016-04-04', '2016-04-05', '2016-04-06'),
(1309, 10, 5, '2016-04-06', '2016-04-09', '2016-04-12'),
(1310, 1, 5, '2016-04-12', '2016-04-13', '2016-04-14'),
(1311, 3, 5, '2016-04-14', '2016-04-17', '2016-04-20'),
(1312, 1, 5, '2016-04-20', '2016-04-21', '2016-04-22'),
(1313, 5, 5, '2016-04-22', '2016-04-24', '2016-04-26'),
(1314, 5, 5, '2016-04-26', '2016-04-28', '2016-04-30'),
(1315, 8, 5, '2016-04-30', '2016-05-02', '2016-05-04'),
(1316, 3, 5, '2016-05-04', '2016-05-07', '2016-05-10'),
(1317, 9, 5, '2016-05-10', '2016-05-11', '2016-05-12'),
(1318, 10, 5, '2016-05-12', '2016-05-15', '2016-05-18'),
(1319, 4, 5, '2016-05-18', '2016-05-19', '2016-05-20'),
(1320, 3, 5, '2016-05-20', '2016-05-23', '2016-05-26'),
(1321, 8, 5, '2016-05-26', '2016-05-28', '2016-05-30'),
(1322, 6, 5, '2016-05-30', '2016-06-02', '2016-06-05'),
(1323, 9, 5, '2016-06-05', '2016-06-06', '2016-06-07'),
(1324, 5, 5, '2016-06-07', '2016-06-09', '2016-06-11'),
(1325, 10, 5, '2016-06-11', '2016-06-14', '2016-06-17'),
(1326, 4, 5, '2016-06-17', '2016-06-18', '2016-06-19'),
(1327, 7, 5, '2016-06-19', '2016-06-20', '2016-06-21'),
(1328, 10, 5, '2016-06-21', '2016-06-24', '2016-06-27'),
(1329, 3, 5, '2016-06-27', '2016-06-30', '2016-07-03'),
(1330, 3, 5, '2016-07-03', '2016-07-06', '2016-07-09'),
(1331, 8, 5, '2016-07-09', '2016-07-11', '2016-07-13'),
(1332, 7, 5, '2016-07-13', '2016-07-14', '2016-07-15'),
(1333, 10, 5, '2016-07-15', '2016-07-18', '2016-07-21'),
(1334, 10, 5, '2016-07-21', '2016-07-24', '2016-07-27'),
(1335, 8, 5, '2016-07-27', '2016-07-29', '2016-07-31'),
(1336, 5, 5, '2016-07-31', '2016-08-02', '2016-08-04'),
(1337, 1, 5, '2016-08-04', '2016-08-05', '2016-08-06'),
(1338, 3, 5, '2016-08-06', '2016-08-09', '2016-08-12'),
(1339, 8, 5, '2016-08-12', '2016-08-14', '2016-08-16'),
(1340, 6, 5, '2016-08-16', '2016-08-19', '2016-08-22'),
(1341, 10, 5, '2016-08-22', '2016-08-25', '2016-08-28'),
(1342, 3, 5, '2016-08-28', '2016-08-31', '2016-09-03'),
(1343, 4, 5, '2016-09-03', '2016-09-04', '2016-09-05'),
(1344, 5, 5, '2016-09-05', '2016-09-07', '2016-09-09'),
(1345, 5, 5, '2016-09-09', '2016-09-11', '2016-09-13'),
(1346, 2, 5, '2016-09-13', '2016-09-15', '2016-09-17'),
(1347, 2, 5, '2016-09-17', '2016-09-19', '2016-09-21'),
(1348, 8, 5, '2016-09-21', '2016-09-23', '2016-09-25'),
(1349, 3, 5, '2016-09-25', '2016-09-28', '2016-10-01'),
(1350, 10, 5, '2016-10-01', '2016-10-04', '2016-10-07'),
(1351, 10, 5, '2016-10-07', '2016-10-10', '2016-10-13'),
(1352, 5, 5, '2016-10-13', '2016-10-15', '2016-10-17'),
(1353, 5, 5, '2016-10-17', '2016-10-19', '2016-10-21'),
(1354, 7, 5, '2016-10-21', '2016-10-22', '2016-10-23'),
(1355, 2, 5, '2016-10-23', '2016-10-25', '2016-10-27'),
(1356, 7, 5, '2016-10-27', '2016-10-28', '2016-10-29'),
(1357, 2, 5, '2016-10-29', '2016-10-31', '2016-11-02'),
(1358, 7, 5, '2016-11-02', '2016-11-03', '2016-11-04'),
(1359, 8, 5, '2016-11-04', '2016-11-06', '2016-11-08'),
(1360, 9, 5, '2016-11-08', '2016-11-09', '2016-11-10'),
(1361, 1, 5, '2016-11-10', '2016-11-11', '2016-11-12'),
(1362, 10, 5, '2016-11-12', '2016-11-15', '2016-11-18'),
(1363, 2, 5, '2016-11-18', '2016-11-20', '2016-11-22'),
(1364, 2, 5, '2016-11-22', '2016-11-24', '2016-11-26'),
(1365, 9, 5, '2016-11-26', '2016-11-27', '2016-11-28'),
(1366, 3, 5, '2016-11-28', '2016-12-01', '2016-12-04'),
(1367, 6, 5, '2016-12-04', '2016-12-07', '2016-12-10'),
(1368, 1, 5, '2016-12-10', '2016-12-11', '2016-12-12'),
(1369, 8, 5, '2016-12-12', '2016-12-14', '2016-12-16'),
(1370, 5, 5, '2016-12-16', '2016-12-18', '2016-12-20'),
(1371, 9, 5, '2016-12-20', '2016-12-21', '2016-12-22'),
(1372, 5, 5, '2016-12-22', '2016-12-24', '2016-12-26'),
(1373, 10, 5, '2016-12-26', '2016-12-29', '2017-01-01'),
(1374, 2, 5, '2017-01-01', '2017-01-03', '2017-01-05'),
(1375, 7, 5, '2017-01-05', '2017-01-06', '2017-01-07'),
(1376, 3, 5, '2017-01-07', '2017-01-10', '2017-01-13'),
(1377, 8, 5, '2017-01-13', '2017-01-15', '2017-01-17'),
(1378, 6, 5, '2017-01-17', '2017-01-20', '2017-01-23'),
(1379, 10, 5, '2017-01-23', '2017-01-26', '2017-01-29'),
(1380, 3, 5, '2017-01-29', '2017-02-01', '2017-02-04'),
(1381, 3, 5, '2017-02-04', '2017-02-07', '2017-02-10'),
(1382, 9, 5, '2017-02-10', '2017-02-11', '2017-02-12'),
(1383, 6, 5, '2017-02-12', '2017-02-15', '2017-02-18'),
(1384, 1, 5, '2017-02-18', '2017-02-19', '2017-02-20'),
(1385, 3, 5, '2017-02-20', '2017-02-23', '2017-02-26'),
(1386, 2, 5, '2017-02-26', '2017-02-28', '2017-03-02'),
(1387, 9, 5, '2017-03-02', '2017-03-03', '2017-03-04'),
(1388, 2, 5, '2017-03-04', '2017-03-06', '2017-03-08'),
(1389, 6, 5, '2017-03-08', '2017-03-11', '2017-03-14'),
(1390, 10, 5, '2017-03-14', '2017-03-17', '2017-03-20'),
(1391, 6, 5, '2017-03-20', '2017-03-23', '2017-03-26'),
(1392, 5, 5, '2017-03-26', '2017-03-28', '2017-03-30'),
(1393, 7, 5, '2017-03-30', '2017-03-31', '2017-04-01'),
(1394, 8, 5, '2017-04-01', '2017-04-03', '2017-04-05'),
(1395, 4, 5, '2017-04-05', '2017-04-06', '2017-04-07'),
(1396, 5, 5, '2017-04-07', '2017-04-09', '2017-04-11'),
(1397, 5, 5, '2017-04-11', '2017-04-13', '2017-04-15'),
(1398, 1, 5, '2017-04-15', '2017-04-16', '2017-04-17'),
(1399, 2, 5, '2017-04-17', '2017-04-19', '2017-04-21'),
(1400, 2, 5, '2017-04-21', '2017-04-23', '2017-04-25'),
(1401, 7, 5, '2017-04-25', '2017-04-26', '2017-04-27'),
(1402, 8, 5, '2017-04-27', '2017-04-29', '2017-05-01'),
(1403, 3, 5, '2017-05-01', '2017-05-04', '2017-05-07'),
(1404, 3, 5, '2017-05-07', '2017-05-10', '2017-05-13'),
(1405, 5, 5, '2017-05-13', '2017-05-15', '2017-05-17'),
(1406, 6, 5, '2017-05-17', '2017-05-20', '2017-05-23'),
(1407, 6, 5, '2017-05-23', '2017-05-26', '2017-05-29'),
(1408, 8, 5, '2017-05-29', '2017-05-31', '2017-06-02'),
(1409, 10, 5, '2017-06-02', '2017-06-05', '2017-06-08'),
(1410, 8, 5, '2017-06-08', '2017-06-10', '2017-06-12'),
(1411, 7, 5, '2017-06-12', '2017-06-13', '2017-06-14'),
(1412, 5, 5, '2017-06-14', '2017-06-16', '2017-06-18'),
(1413, 7, 5, '2017-06-18', '2017-06-19', '2017-06-20'),
(1414, 4, 5, '2017-06-20', '2017-06-21', '2017-06-22'),
(1415, 1, 5, '2017-06-22', '2017-06-23', '2017-06-24'),
(1416, 9, 5, '2017-06-24', '2017-06-25', '2017-06-26'),
(1417, 9, 5, '2017-06-26', '2017-06-27', '2017-06-28'),
(1418, 2, 5, '2017-06-28', '2017-06-30', '2017-07-02'),
(1419, 3, 5, '2017-07-02', '2017-07-05', '2017-07-08'),
(1420, 9, 5, '2017-07-08', '2017-07-09', '2017-07-10'),
(1421, 1, 5, '2017-07-10', '2017-07-11', '2017-07-12'),
(1422, 10, 5, '2017-07-12', '2017-07-15', '2017-07-18'),
(1423, 6, 5, '2017-07-18', '2017-07-21', '2017-07-24'),
(1424, 4, 5, '2017-07-24', '2017-07-25', '2017-07-26'),
(1425, 2, 5, '2017-07-26', '2017-07-28', '2017-07-30'),
(1426, 7, 5, '2017-07-30', '2017-07-31', '2017-08-01'),
(1427, 4, 5, '2017-08-01', '2017-08-02', '2017-08-03'),
(1428, 10, 5, '2017-08-03', '2017-08-06', '2017-08-09'),
(1429, 5, 5, '2017-08-09', '2017-08-11', '2017-08-13'),
(1430, 1, 5, '2017-08-13', '2017-08-14', '2017-08-15'),
(1431, 1, 5, '2017-08-15', '2017-08-16', '2017-08-17'),
(1432, 10, 5, '2017-08-17', '2017-08-20', '2017-08-23'),
(1433, 5, 5, '2017-08-23', '2017-08-25', '2017-08-27'),
(1434, 8, 5, '2017-08-27', '2017-08-29', '2017-08-31'),
(1435, 8, 5, '2017-08-31', '2017-09-02', '2017-09-04'),
(1436, 5, 5, '2017-09-04', '2017-09-06', '2017-09-08'),
(1437, 6, 5, '2017-09-08', '2017-09-11', '2017-09-14'),
(1438, 2, 5, '2017-09-14', '2017-09-16', '2017-09-18'),
(1439, 8, 5, '2017-09-18', '2017-09-20', '2017-09-22'),
(1440, 2, 5, '2017-09-22', '2017-09-24', '2017-09-26'),
(1441, 1, 5, '2017-09-26', '2017-09-27', '2017-09-28'),
(1442, 5, 5, '2017-09-28', '2017-09-30', '2017-10-02'),
(1443, 10, 5, '2017-10-02', '2017-10-05', '2017-10-08'),
(1444, 3, 5, '2017-10-08', '2017-10-11', '2017-10-14'),
(1445, 10, 5, '2017-10-14', '2017-10-17', '2017-10-20'),
(1446, 7, 5, '2017-10-20', '2017-10-21', '2017-10-22'),
(1447, 4, 5, '2017-10-22', '2017-10-23', '2017-10-24'),
(1448, 6, 5, '2017-10-24', '2017-10-27', '2017-10-30'),
(1449, 8, 5, '2017-10-30', '2017-11-01', '2017-11-03'),
(1450, 5, 5, '2017-11-03', '2017-11-05', '2017-11-07'),
(1451, 4, 5, '2017-11-07', '2017-11-08', '2017-11-09'),
(1452, 4, 5, '2017-11-09', '2017-11-10', '2017-11-11'),
(1453, 8, 5, '2017-11-11', '2017-11-13', '2017-11-15'),
(1454, 8, 5, '2017-11-15', '2017-11-17', '2017-11-19'),
(1455, 4, 5, '2017-11-19', '2017-11-20', '2017-11-21'),
(1456, 1, 5, '2017-11-21', '2017-11-22', '2017-11-23'),
(1457, 5, 5, '2017-11-23', '2017-11-25', '2017-11-27'),
(1458, 3, 5, '2017-11-27', '2017-11-30', '2017-12-03'),
(1459, 7, 5, '2017-12-03', '2017-12-04', '2017-12-05'),
(1460, 8, 5, '2017-12-05', '2017-12-07', '2017-12-09'),
(1461, 3, 5, '2017-12-09', '2017-12-12', '2017-12-15'),
(1462, 9, 5, '2017-12-15', '2017-12-16', '2017-12-17'),
(1463, 10, 5, '2017-12-17', '2017-12-20', '2017-12-23'),
(1464, 8, 5, '2017-12-23', '2017-12-25', '2017-12-27'),
(1465, 2, 5, '2017-12-27', '2017-12-29', '2017-12-31'),
(1466, 7, 5, '2017-12-31', '2018-01-01', '2018-01-02'),
(1467, 4, 5, '2018-01-02', '2018-01-03', '2018-01-04'),
(1468, 3, 5, '2018-01-04', '2018-01-07', '2018-01-10'),
(1469, 5, 5, '2018-01-10', '2018-01-12', '2018-01-14'),
(1470, 5, 5, '2018-01-14', '2018-01-16', '2018-01-18'),
(1471, 6, 5, '2018-01-18', '2018-01-21', '2018-01-24'),
(1472, 3, 5, '2018-01-24', '2018-01-27', '2018-01-30'),
(1473, 5, 5, '2018-01-30', '2018-02-01', '2018-02-03'),
(1474, 4, 5, '2018-02-03', '2018-02-04', '2018-02-05'),
(1475, 6, 5, '2018-02-05', '2018-02-08', '2018-02-11'),
(1476, 4, 5, '2018-02-11', '2018-02-12', '2018-02-13'),
(1477, 10, 5, '2018-02-13', '2018-02-16', '2018-02-19'),
(1478, 2, 5, '2018-02-19', '2018-02-21', '2018-02-23'),
(1479, 8, 5, '2018-02-23', '2018-02-25', '2018-02-27'),
(1480, 6, 5, '2018-02-27', '2018-03-02', '2018-03-05'),
(1481, 6, 5, '2018-03-05', '2018-03-08', '2018-03-11'),
(1482, 2, 5, '2018-03-11', '2018-03-13', '2018-03-15'),
(1483, 4, 5, '2018-03-15', '2018-03-16', '2018-03-17'),
(1484, 4, 5, '2018-03-17', '2018-03-18', '2018-03-19'),
(1485, 9, 5, '2018-03-19', '2018-03-20', '2018-03-21'),
(1486, 5, 5, '2018-03-21', '2018-03-23', '2018-03-25'),
(1487, 3, 5, '2018-03-25', '2018-03-28', '2018-03-31'),
(1488, 8, 5, '2018-03-31', '2018-04-02', '2018-04-04'),
(1489, 3, 5, '2018-04-04', '2018-04-07', '2018-04-10'),
(1490, 7, 5, '2018-04-10', '2018-04-11', '2018-04-12'),
(1491, 4, 5, '2018-04-12', '2018-04-13', '2018-04-14'),
(1492, 2, 5, '2018-04-14', '2018-04-16', '2018-04-18'),
(1493, 2, 5, '2018-04-18', '2018-04-20', '2018-04-22'),
(1494, 3, 5, '2018-04-22', '2018-04-25', '2018-04-28'),
(1495, 6, 5, '2018-04-28', '2018-05-01', '2018-05-04'),
(1496, 4, 5, '2018-05-04', '2018-05-05', '2018-05-06'),
(1497, 10, 5, '2018-05-06', '2018-05-09', '2018-05-12'),
(1498, 6, 5, '2018-05-12', '2018-05-15', '2018-05-18'),
(1499, 9, 5, '2018-05-18', '2018-05-19', '2018-05-20'),
(1500, 10, 5, '2018-05-20', '2018-05-23', '2018-05-26'),
(1501, 7, 5, '2018-05-26', '2018-05-27', '2018-05-28'),
(1502, 7, 5, '2018-05-28', '2018-05-29', '2018-05-30'),
(1503, 4, 5, '2018-05-30', '2018-05-31', '2018-06-01'),
(1504, 6, 5, '2018-06-01', '2018-06-04', '2018-06-07'),
(1505, 7, 5, '2018-06-07', '2018-06-08', '2018-06-09'),
(1506, 7, 5, '2018-06-09', '2018-06-10', '2018-06-11'),
(1507, 5, 5, '2018-06-11', '2018-06-13', '2018-06-15'),
(1508, 8, 5, '2018-06-15', '2018-06-17', '2018-06-19'),
(1509, 4, 5, '2018-06-19', '2018-06-20', '2018-06-21'),
(1510, 6, 5, '2018-06-21', '2018-06-24', '2018-06-27'),
(1511, 9, 5, '2018-06-27', '2018-06-28', '2018-06-29'),
(1512, 7, 5, '2018-06-29', '2018-06-30', '2018-07-01'),
(1513, 3, 5, '2018-07-01', '2018-07-04', '2018-07-07'),
(1514, 2, 5, '2018-07-07', '2018-07-09', '2018-07-11'),
(1515, 1, 5, '2018-07-11', '2018-07-12', '2018-07-13'),
(1516, 10, 5, '2018-07-13', '2018-07-16', '2018-07-19'),
(1517, 10, 5, '2018-07-19', '2018-07-22', '2018-07-25'),
(1518, 5, 5, '2018-07-25', '2018-07-27', '2018-07-29'),
(1519, 3, 5, '2018-07-29', '2018-08-01', '2018-08-04'),
(1520, 2, 5, '2018-08-04', '2018-08-06', '2018-08-08'),
(1521, 10, 5, '2018-08-08', '2018-08-11', '2018-08-14'),
(1522, 4, 6, '2015-06-01', '2015-06-02', '2015-06-03'),
(1523, 10, 6, '2015-06-03', '2015-06-06', '2015-06-09'),
(1524, 3, 6, '2015-06-09', '2015-06-12', '2015-06-15'),
(1525, 7, 6, '2015-06-15', '2015-06-16', '2015-06-17'),
(1526, 3, 6, '2015-06-17', '2015-06-20', '2015-06-23'),
(1527, 8, 6, '2015-06-23', '2015-06-25', '2015-06-27'),
(1528, 4, 6, '2015-06-27', '2015-06-28', '2015-06-29'),
(1529, 8, 6, '2015-06-29', '2015-07-01', '2015-07-03'),
(1530, 6, 6, '2015-07-03', '2015-07-06', '2015-07-09'),
(1531, 10, 6, '2015-07-09', '2015-07-12', '2015-07-15'),
(1532, 3, 6, '2015-07-15', '2015-07-18', '2015-07-21'),
(1533, 1, 6, '2015-07-21', '2015-07-22', '2015-07-23'),
(1534, 2, 6, '2015-07-23', '2015-07-25', '2015-07-27'),
(1535, 5, 6, '2015-07-27', '2015-07-29', '2015-07-31'),
(1536, 3, 6, '2015-07-31', '2015-08-03', '2015-08-06'),
(1537, 1, 6, '2015-08-06', '2015-08-07', '2015-08-08'),
(1538, 4, 6, '2015-08-08', '2015-08-09', '2015-08-10'),
(1539, 7, 6, '2015-08-10', '2015-08-11', '2015-08-12'),
(1540, 4, 6, '2015-08-12', '2015-08-13', '2015-08-14'),
(1541, 1, 6, '2015-08-14', '2015-08-15', '2015-08-16'),
(1542, 2, 6, '2015-08-16', '2015-08-18', '2015-08-20'),
(1543, 10, 6, '2015-08-20', '2015-08-23', '2015-08-26'),
(1544, 5, 6, '2015-08-26', '2015-08-28', '2015-08-30'),
(1545, 4, 6, '2015-08-30', '2015-08-31', '2015-09-01'),
(1546, 6, 6, '2015-09-01', '2015-09-04', '2015-09-07'),
(1547, 1, 6, '2015-09-07', '2015-09-08', '2015-09-09'),
(1548, 6, 6, '2015-09-09', '2015-09-12', '2015-09-15'),
(1549, 1, 6, '2015-09-15', '2015-09-16', '2015-09-17'),
(1550, 4, 6, '2015-09-17', '2015-09-18', '2015-09-19'),
(1551, 2, 6, '2015-09-19', '2015-09-21', '2015-09-23'),
(1552, 3, 6, '2015-09-23', '2015-09-26', '2015-09-29'),
(1553, 2, 6, '2015-09-29', '2015-10-01', '2015-10-03'),
(1554, 2, 6, '2015-10-03', '2015-10-05', '2015-10-07'),
(1555, 1, 6, '2015-10-07', '2015-10-08', '2015-10-09'),
(1556, 8, 6, '2015-10-09', '2015-10-11', '2015-10-13'),
(1557, 5, 6, '2015-10-13', '2015-10-15', '2015-10-17'),
(1558, 6, 6, '2015-10-17', '2015-10-20', '2015-10-23'),
(1559, 7, 6, '2015-10-23', '2015-10-24', '2015-10-25'),
(1560, 3, 6, '2015-10-25', '2015-10-28', '2015-10-31'),
(1561, 8, 6, '2015-10-31', '2015-11-02', '2015-11-04'),
(1562, 5, 6, '2015-11-04', '2015-11-06', '2015-11-08'),
(1563, 5, 6, '2015-11-08', '2015-11-10', '2015-11-12'),
(1564, 5, 6, '2015-11-12', '2015-11-14', '2015-11-16'),
(1565, 2, 6, '2015-11-16', '2015-11-18', '2015-11-20'),
(1566, 9, 6, '2015-11-20', '2015-11-21', '2015-11-22'),
(1567, 8, 6, '2015-11-22', '2015-11-24', '2015-11-26'),
(1568, 2, 6, '2015-11-26', '2015-11-28', '2015-11-30'),
(1569, 4, 6, '2015-11-30', '2015-12-01', '2015-12-02'),
(1570, 8, 6, '2015-12-02', '2015-12-04', '2015-12-06'),
(1571, 7, 6, '2015-12-06', '2015-12-07', '2015-12-08'),
(1572, 2, 6, '2015-12-08', '2015-12-10', '2015-12-12'),
(1573, 1, 6, '2015-12-12', '2015-12-13', '2015-12-14'),
(1574, 3, 6, '2015-12-14', '2015-12-17', '2015-12-20'),
(1575, 9, 6, '2015-12-20', '2015-12-21', '2015-12-22'),
(1576, 4, 6, '2015-12-22', '2015-12-23', '2015-12-24'),
(1577, 1, 6, '2015-12-24', '2015-12-25', '2015-12-26'),
(1578, 3, 6, '2015-12-26', '2015-12-29', '2016-01-01'),
(1579, 7, 6, '2016-01-01', '2016-01-02', '2016-01-03'),
(1580, 9, 6, '2016-01-03', '2016-01-04', '2016-01-05'),
(1581, 8, 6, '2016-01-05', '2016-01-07', '2016-01-09'),
(1582, 10, 6, '2016-01-09', '2016-01-12', '2016-01-15'),
(1583, 7, 6, '2016-01-15', '2016-01-16', '2016-01-17'),
(1584, 4, 6, '2016-01-17', '2016-01-18', '2016-01-19'),
(1585, 7, 6, '2016-01-19', '2016-01-20', '2016-01-21'),
(1586, 8, 6, '2016-01-21', '2016-01-23', '2016-01-25'),
(1587, 6, 6, '2016-01-25', '2016-01-28', '2016-01-31'),
(1588, 10, 6, '2016-01-31', '2016-02-03', '2016-02-06'),
(1589, 5, 6, '2016-02-06', '2016-02-08', '2016-02-10'),
(1590, 7, 6, '2016-02-10', '2016-02-11', '2016-02-12'),
(1591, 3, 6, '2016-02-12', '2016-02-15', '2016-02-18'),
(1592, 10, 6, '2016-02-18', '2016-02-21', '2016-02-24'),
(1593, 1, 6, '2016-02-24', '2016-02-25', '2016-02-26'),
(1594, 3, 6, '2016-02-26', '2016-02-29', '2016-03-03'),
(1595, 10, 6, '2016-03-03', '2016-03-06', '2016-03-09'),
(1596, 4, 6, '2016-03-09', '2016-03-10', '2016-03-11'),
(1597, 3, 6, '2016-03-11', '2016-03-14', '2016-03-17'),
(1598, 6, 6, '2016-03-17', '2016-03-20', '2016-03-23'),
(1599, 5, 6, '2016-03-23', '2016-03-25', '2016-03-27'),
(1600, 9, 6, '2016-03-27', '2016-03-28', '2016-03-29'),
(1601, 3, 6, '2016-03-29', '2016-04-01', '2016-04-04'),
(1602, 2, 6, '2016-04-04', '2016-04-06', '2016-04-08'),
(1603, 6, 6, '2016-04-08', '2016-04-11', '2016-04-14'),
(1604, 6, 6, '2016-04-14', '2016-04-17', '2016-04-20'),
(1605, 10, 6, '2016-04-20', '2016-04-23', '2016-04-26'),
(1606, 4, 6, '2016-04-26', '2016-04-27', '2016-04-28'),
(1607, 9, 6, '2016-04-28', '2016-04-29', '2016-04-30'),
(1608, 1, 6, '2016-04-30', '2016-05-01', '2016-05-02'),
(1609, 2, 6, '2016-05-02', '2016-05-04', '2016-05-06'),
(1610, 1, 6, '2016-05-06', '2016-05-07', '2016-05-08'),
(1611, 3, 6, '2016-05-08', '2016-05-11', '2016-05-14'),
(1612, 3, 6, '2016-05-14', '2016-05-17', '2016-05-20'),
(1613, 5, 6, '2016-05-20', '2016-05-22', '2016-05-24'),
(1614, 8, 6, '2016-05-24', '2016-05-26', '2016-05-28'),
(1615, 1, 6, '2016-05-28', '2016-05-29', '2016-05-30'),
(1616, 2, 6, '2016-05-30', '2016-06-01', '2016-06-03'),
(1617, 5, 6, '2016-06-03', '2016-06-05', '2016-06-07'),
(1618, 1, 6, '2016-06-07', '2016-06-08', '2016-06-09'),
(1619, 10, 6, '2016-06-09', '2016-06-12', '2016-06-15'),
(1620, 6, 6, '2016-06-15', '2016-06-18', '2016-06-21'),
(1621, 6, 6, '2016-06-21', '2016-06-24', '2016-06-27'),
(1622, 6, 6, '2016-06-27', '2016-06-30', '2016-07-03'),
(1623, 8, 6, '2016-07-03', '2016-07-05', '2016-07-07'),
(1624, 7, 6, '2016-07-07', '2016-07-08', '2016-07-09'),
(1625, 10, 6, '2016-07-09', '2016-07-12', '2016-07-15'),
(1626, 4, 6, '2016-07-15', '2016-07-16', '2016-07-17'),
(1627, 10, 6, '2016-07-17', '2016-07-20', '2016-07-23'),
(1628, 5, 6, '2016-07-23', '2016-07-25', '2016-07-27'),
(1629, 3, 6, '2016-07-27', '2016-07-30', '2016-08-02'),
(1630, 9, 6, '2016-08-02', '2016-08-03', '2016-08-04'),
(1631, 4, 6, '2016-08-04', '2016-08-05', '2016-08-06'),
(1632, 3, 6, '2016-08-06', '2016-08-09', '2016-08-12'),
(1633, 10, 6, '2016-08-12', '2016-08-15', '2016-08-18'),
(1634, 10, 6, '2016-08-18', '2016-08-21', '2016-08-24'),
(1635, 1, 6, '2016-08-24', '2016-08-25', '2016-08-26'),
(1636, 6, 6, '2016-08-26', '2016-08-29', '2016-09-01'),
(1637, 5, 6, '2016-09-01', '2016-09-03', '2016-09-05'),
(1638, 2, 6, '2016-09-05', '2016-09-07', '2016-09-09'),
(1639, 4, 6, '2016-09-09', '2016-09-10', '2016-09-11'),
(1640, 7, 6, '2016-09-11', '2016-09-12', '2016-09-13'),
(1641, 5, 6, '2016-09-13', '2016-09-15', '2016-09-17'),
(1642, 5, 6, '2016-09-17', '2016-09-19', '2016-09-21'),
(1643, 10, 6, '2016-09-21', '2016-09-24', '2016-09-27'),
(1644, 1, 6, '2016-09-27', '2016-09-28', '2016-09-29'),
(1645, 8, 6, '2016-09-29', '2016-10-01', '2016-10-03'),
(1646, 4, 6, '2016-10-03', '2016-10-04', '2016-10-05'),
(1647, 7, 6, '2016-10-05', '2016-10-06', '2016-10-07'),
(1648, 6, 6, '2016-10-07', '2016-10-10', '2016-10-13'),
(1649, 2, 6, '2016-10-13', '2016-10-15', '2016-10-17'),
(1650, 2, 6, '2016-10-17', '2016-10-19', '2016-10-21'),
(1651, 6, 6, '2016-10-21', '2016-10-24', '2016-10-27'),
(1652, 2, 6, '2016-10-27', '2016-10-29', '2016-10-31'),
(1653, 6, 6, '2016-10-31', '2016-11-03', '2016-11-06'),
(1654, 10, 6, '2016-11-06', '2016-11-09', '2016-11-12'),
(1655, 4, 6, '2016-11-12', '2016-11-13', '2016-11-14'),
(1656, 9, 6, '2016-11-14', '2016-11-15', '2016-11-16'),
(1657, 7, 6, '2016-11-16', '2016-11-17', '2016-11-18'),
(1658, 7, 6, '2016-11-18', '2016-11-19', '2016-11-20'),
(1659, 6, 6, '2016-11-20', '2016-11-23', '2016-11-26'),
(1660, 3, 6, '2016-11-26', '2016-11-29', '2016-12-02'),
(1661, 7, 6, '2016-12-02', '2016-12-03', '2016-12-04'),
(1662, 8, 6, '2016-12-04', '2016-12-06', '2016-12-08'),
(1663, 8, 6, '2016-12-08', '2016-12-10', '2016-12-12'),
(1664, 7, 6, '2016-12-12', '2016-12-13', '2016-12-14'),
(1665, 5, 6, '2016-12-14', '2016-12-16', '2016-12-18'),
(1666, 6, 6, '2016-12-18', '2016-12-21', '2016-12-24'),
(1667, 9, 6, '2016-12-24', '2016-12-25', '2016-12-26'),
(1668, 10, 6, '2016-12-26', '2016-12-29', '2017-01-01'),
(1669, 3, 6, '2017-01-01', '2017-01-04', '2017-01-07'),
(1670, 9, 6, '2017-01-07', '2017-01-08', '2017-01-09'),
(1671, 7, 6, '2017-01-09', '2017-01-10', '2017-01-11'),
(1672, 6, 6, '2017-01-11', '2017-01-14', '2017-01-17'),
(1673, 6, 6, '2017-01-17', '2017-01-20', '2017-01-23'),
(1674, 4, 6, '2017-01-23', '2017-01-24', '2017-01-25'),
(1675, 2, 6, '2017-01-25', '2017-01-27', '2017-01-29'),
(1676, 8, 6, '2017-01-29', '2017-01-31', '2017-02-02'),
(1677, 3, 6, '2017-02-02', '2017-02-05', '2017-02-08'),
(1678, 9, 6, '2017-02-08', '2017-02-09', '2017-02-10'),
(1679, 8, 6, '2017-02-10', '2017-02-12', '2017-02-14'),
(1680, 5, 6, '2017-02-14', '2017-02-16', '2017-02-18'),
(1681, 3, 6, '2017-02-18', '2017-02-21', '2017-02-24'),
(1682, 3, 6, '2017-02-24', '2017-02-27', '2017-03-02'),
(1683, 7, 6, '2017-03-02', '2017-03-03', '2017-03-04'),
(1684, 9, 6, '2017-03-04', '2017-03-05', '2017-03-06'),
(1685, 1, 6, '2017-03-06', '2017-03-07', '2017-03-08'),
(1686, 1, 6, '2017-03-08', '2017-03-09', '2017-03-10'),
(1687, 5, 6, '2017-03-10', '2017-03-12', '2017-03-14'),
(1688, 5, 6, '2017-03-14', '2017-03-16', '2017-03-18'),
(1689, 8, 6, '2017-03-18', '2017-03-20', '2017-03-22'),
(1690, 6, 6, '2017-03-22', '2017-03-25', '2017-03-28'),
(1691, 10, 6, '2017-03-28', '2017-03-31', '2017-04-03'),
(1692, 9, 6, '2017-04-03', '2017-04-04', '2017-04-05'),
(1693, 10, 6, '2017-04-05', '2017-04-08', '2017-04-11'),
(1694, 5, 6, '2017-04-11', '2017-04-13', '2017-04-15'),
(1695, 1, 6, '2017-04-15', '2017-04-16', '2017-04-17'),
(1696, 4, 6, '2017-04-17', '2017-04-18', '2017-04-19'),
(1697, 2, 6, '2017-04-19', '2017-04-21', '2017-04-23'),
(1698, 5, 6, '2017-04-23', '2017-04-25', '2017-04-27'),
(1699, 10, 6, '2017-04-27', '2017-04-30', '2017-05-03'),
(1700, 2, 6, '2017-05-03', '2017-05-05', '2017-05-07'),
(1701, 4, 6, '2017-05-07', '2017-05-08', '2017-05-09'),
(1702, 9, 6, '2017-05-09', '2017-05-10', '2017-05-11'),
(1703, 6, 6, '2017-05-11', '2017-05-14', '2017-05-17'),
(1704, 4, 6, '2017-05-17', '2017-05-18', '2017-05-19'),
(1705, 1, 6, '2017-05-19', '2017-05-20', '2017-05-21'),
(1706, 4, 6, '2017-05-21', '2017-05-22', '2017-05-23'),
(1707, 1, 6, '2017-05-23', '2017-05-24', '2017-05-25'),
(1708, 4, 6, '2017-05-25', '2017-05-26', '2017-05-27'),
(1709, 6, 6, '2017-05-27', '2017-05-30', '2017-06-02'),
(1710, 10, 6, '2017-06-02', '2017-06-05', '2017-06-08'),
(1711, 1, 6, '2017-06-08', '2017-06-09', '2017-06-10'),
(1712, 3, 6, '2017-06-10', '2017-06-13', '2017-06-16'),
(1713, 8, 6, '2017-06-16', '2017-06-18', '2017-06-20'),
(1714, 3, 6, '2017-06-20', '2017-06-23', '2017-06-26'),
(1715, 7, 6, '2017-06-26', '2017-06-27', '2017-06-28'),
(1716, 8, 6, '2017-06-28', '2017-06-30', '2017-07-02'),
(1717, 6, 6, '2017-07-02', '2017-07-05', '2017-07-08'),
(1718, 5, 6, '2017-07-08', '2017-07-10', '2017-07-12'),
(1719, 2, 6, '2017-07-12', '2017-07-14', '2017-07-16'),
(1720, 5, 6, '2017-07-16', '2017-07-18', '2017-07-20'),
(1721, 10, 6, '2017-07-20', '2017-07-23', '2017-07-26'),
(1722, 10, 6, '2017-07-26', '2017-07-29', '2017-08-01'),
(1723, 1, 6, '2017-08-01', '2017-08-02', '2017-08-03'),
(1724, 3, 6, '2017-08-03', '2017-08-06', '2017-08-09'),
(1725, 3, 6, '2017-08-09', '2017-08-12', '2017-08-15'),
(1726, 2, 6, '2017-08-15', '2017-08-17', '2017-08-19'),
(1727, 3, 6, '2017-08-19', '2017-08-22', '2017-08-25'),
(1728, 1, 6, '2017-08-25', '2017-08-26', '2017-08-27'),
(1729, 6, 6, '2017-08-27', '2017-08-30', '2017-09-02'),
(1730, 9, 6, '2017-09-02', '2017-09-03', '2017-09-04'),
(1731, 3, 6, '2017-09-04', '2017-09-07', '2017-09-10'),
(1732, 6, 6, '2017-09-10', '2017-09-13', '2017-09-16'),
(1733, 3, 6, '2017-09-16', '2017-09-19', '2017-09-22'),
(1734, 2, 6, '2017-09-22', '2017-09-24', '2017-09-26'),
(1735, 1, 6, '2017-09-26', '2017-09-27', '2017-09-28'),
(1736, 2, 6, '2017-09-28', '2017-09-30', '2017-10-02'),
(1737, 2, 6, '2017-10-02', '2017-10-04', '2017-10-06'),
(1738, 9, 6, '2017-10-06', '2017-10-07', '2017-10-08'),
(1739, 5, 6, '2017-10-08', '2017-10-10', '2017-10-12'),
(1740, 5, 6, '2017-10-12', '2017-10-14', '2017-10-16'),
(1741, 8, 6, '2017-10-16', '2017-10-18', '2017-10-20'),
(1742, 7, 6, '2017-10-20', '2017-10-21', '2017-10-22'),
(1743, 2, 6, '2017-10-22', '2017-10-24', '2017-10-26'),
(1744, 6, 6, '2017-10-26', '2017-10-29', '2017-11-01'),
(1745, 7, 6, '2017-11-01', '2017-11-02', '2017-11-03'),
(1746, 6, 6, '2017-11-03', '2017-11-06', '2017-11-09'),
(1747, 1, 6, '2017-11-09', '2017-11-10', '2017-11-11'),
(1748, 3, 6, '2017-11-11', '2017-11-14', '2017-11-17'),
(1749, 9, 6, '2017-11-17', '2017-11-18', '2017-11-19'),
(1750, 9, 6, '2017-11-19', '2017-11-20', '2017-11-21'),
(1751, 2, 6, '2017-11-21', '2017-11-23', '2017-11-25'),
(1752, 3, 6, '2017-11-25', '2017-11-28', '2017-12-01'),
(1753, 6, 6, '2017-12-01', '2017-12-04', '2017-12-07'),
(1754, 9, 6, '2017-12-07', '2017-12-08', '2017-12-09'),
(1755, 10, 6, '2017-12-09', '2017-12-12', '2017-12-15'),
(1756, 1, 6, '2017-12-15', '2017-12-16', '2017-12-17'),
(1757, 3, 6, '2017-12-17', '2017-12-20', '2017-12-23'),
(1758, 2, 6, '2017-12-23', '2017-12-25', '2017-12-27'),
(1759, 5, 6, '2017-12-27', '2017-12-29', '2017-12-31'),
(1760, 10, 6, '2017-12-31', '2018-01-03', '2018-01-06'),
(1761, 3, 6, '2018-01-06', '2018-01-09', '2018-01-12'),
(1762, 3, 6, '2018-01-12', '2018-01-15', '2018-01-18'),
(1763, 6, 6, '2018-01-18', '2018-01-21', '2018-01-24'),
(1764, 7, 6, '2018-01-24', '2018-01-25', '2018-01-26'),
(1765, 2, 6, '2018-01-26', '2018-01-28', '2018-01-30'),
(1766, 5, 6, '2018-01-30', '2018-02-01', '2018-02-03'),
(1767, 3, 6, '2018-02-03', '2018-02-06', '2018-02-09'),
(1768, 3, 6, '2018-02-09', '2018-02-12', '2018-02-15'),
(1769, 8, 6, '2018-02-15', '2018-02-17', '2018-02-19'),
(1770, 2, 6, '2018-02-19', '2018-02-21', '2018-02-23'),
(1771, 7, 6, '2018-02-23', '2018-02-24', '2018-02-25'),
(1772, 1, 6, '2018-02-25', '2018-02-26', '2018-02-27'),
(1773, 3, 6, '2018-02-27', '2018-03-02', '2018-03-05'),
(1774, 3, 6, '2018-03-05', '2018-03-08', '2018-03-11'),
(1775, 3, 6, '2018-03-11', '2018-03-14', '2018-03-17'),
(1776, 2, 6, '2018-03-17', '2018-03-19', '2018-03-21'),
(1777, 5, 6, '2018-03-21', '2018-03-23', '2018-03-25'),
(1778, 4, 6, '2018-03-25', '2018-03-26', '2018-03-27'),
(1779, 7, 6, '2018-03-27', '2018-03-28', '2018-03-29'),
(1780, 10, 6, '2018-03-29', '2018-04-01', '2018-04-04'),
(1781, 9, 6, '2018-04-04', '2018-04-05', '2018-04-06'),
(1782, 6, 6, '2018-04-06', '2018-04-09', '2018-04-12'),
(1783, 2, 6, '2018-04-12', '2018-04-14', '2018-04-16'),
(1784, 4, 6, '2018-04-16', '2018-04-17', '2018-04-18'),
(1785, 9, 6, '2018-04-18', '2018-04-19', '2018-04-20'),
(1786, 7, 6, '2018-04-20', '2018-04-21', '2018-04-22'),
(1787, 10, 6, '2018-04-22', '2018-04-25', '2018-04-28'),
(1788, 1, 6, '2018-04-28', '2018-04-29', '2018-04-30'),
(1789, 7, 6, '2018-04-30', '2018-05-01', '2018-05-02'),
(1790, 3, 6, '2018-05-02', '2018-05-05', '2018-05-08'),
(1791, 3, 6, '2018-05-08', '2018-05-11', '2018-05-14'),
(1792, 2, 6, '2018-05-14', '2018-05-16', '2018-05-18'),
(1793, 9, 6, '2018-05-18', '2018-05-19', '2018-05-20'),
(1794, 7, 6, '2018-05-20', '2018-05-21', '2018-05-22'),
(1795, 10, 6, '2018-05-22', '2018-05-25', '2018-05-28'),
(1796, 1, 6, '2018-05-28', '2018-05-29', '2018-05-30'),
(1797, 7, 6, '2018-05-30', '2018-05-31', '2018-06-01'),
(1798, 10, 6, '2018-06-01', '2018-06-04', '2018-06-07'),
(1799, 7, 6, '2018-06-07', '2018-06-08', '2018-06-09'),
(1800, 5, 6, '2018-06-09', '2018-06-11', '2018-06-13'),
(1801, 3, 6, '2018-06-13', '2018-06-16', '2018-06-19'),
(1802, 1, 6, '2018-06-19', '2018-06-20', '2018-06-21'),
(1803, 3, 6, '2018-06-21', '2018-06-24', '2018-06-27'),
(1804, 1, 6, '2018-06-27', '2018-06-28', '2018-06-29'),
(1805, 8, 6, '2018-06-29', '2018-07-01', '2018-07-03'),
(1806, 1, 6, '2018-07-03', '2018-07-04', '2018-07-05'),
(1807, 7, 6, '2018-07-05', '2018-07-06', '2018-07-07'),
(1808, 9, 6, '2018-07-07', '2018-07-08', '2018-07-09'),
(1809, 1, 6, '2018-07-09', '2018-07-10', '2018-07-11'),
(1810, 10, 6, '2018-07-11', '2018-07-14', '2018-07-17'),
(1811, 7, 6, '2018-07-17', '2018-07-18', '2018-07-19'),
(1812, 1, 6, '2018-07-19', '2018-07-20', '2018-07-21'),
(1813, 4, 6, '2018-07-21', '2018-07-22', '2018-07-23'),
(1814, 1, 6, '2018-07-23', '2018-07-24', '2018-07-25'),
(1815, 5, 6, '2018-07-25', '2018-07-27', '2018-07-29'),
(1816, 5, 6, '2018-07-29', '2018-07-31', '2018-08-02'),
(1817, 6, 6, '2018-08-02', '2018-08-05', '2018-08-08'),
(1818, 2, 6, '2018-08-08', '2018-08-10', '2018-08-12'),
(1819, 5, 6, '2018-08-12', '2018-08-14', '2018-08-16'),
(1820, 7, 7, '2015-06-01', '2015-06-02', '2015-06-03'),
(1821, 7, 7, '2015-06-03', '2015-06-04', '2015-06-05'),
(1822, 3, 7, '2015-06-05', '2015-06-08', '2015-06-11'),
(1823, 3, 7, '2015-06-11', '2015-06-14', '2015-06-17'),
(1824, 2, 7, '2015-06-17', '2015-06-19', '2015-06-21'),
(1825, 3, 7, '2015-06-21', '2015-06-24', '2015-06-27'),
(1826, 10, 7, '2015-06-27', '2015-06-30', '2015-07-03'),
(1827, 4, 7, '2015-07-03', '2015-07-04', '2015-07-05'),
(1828, 10, 7, '2015-07-05', '2015-07-08', '2015-07-11'),
(1829, 3, 7, '2015-07-11', '2015-07-14', '2015-07-17'),
(1830, 1, 7, '2015-07-17', '2015-07-18', '2015-07-19'),
(1831, 3, 7, '2015-07-19', '2015-07-22', '2015-07-25'),
(1832, 1, 7, '2015-07-25', '2015-07-26', '2015-07-27'),
(1833, 8, 7, '2015-07-27', '2015-07-29', '2015-07-31'),
(1834, 7, 7, '2015-07-31', '2015-08-01', '2015-08-02'),
(1835, 8, 7, '2015-08-02', '2015-08-04', '2015-08-06'),
(1836, 2, 7, '2015-08-06', '2015-08-08', '2015-08-10'),
(1837, 10, 7, '2015-08-10', '2015-08-13', '2015-08-16'),
(1838, 5, 7, '2015-08-16', '2015-08-18', '2015-08-20'),
(1839, 1, 7, '2015-08-20', '2015-08-21', '2015-08-22'),
(1840, 2, 7, '2015-08-22', '2015-08-24', '2015-08-26'),
(1841, 3, 7, '2015-08-26', '2015-08-29', '2015-09-01'),
(1842, 9, 7, '2015-09-01', '2015-09-02', '2015-09-03'),
(1843, 10, 7, '2015-09-03', '2015-09-06', '2015-09-09'),
(1844, 3, 7, '2015-09-09', '2015-09-12', '2015-09-15'),
(1845, 6, 7, '2015-09-15', '2015-09-18', '2015-09-21'),
(1846, 9, 7, '2015-09-21', '2015-09-22', '2015-09-23'),
(1847, 2, 7, '2015-09-23', '2015-09-25', '2015-09-27'),
(1848, 4, 7, '2015-09-27', '2015-09-28', '2015-09-29'),
(1849, 8, 7, '2015-09-29', '2015-10-01', '2015-10-03'),
(1850, 2, 7, '2015-10-03', '2015-10-05', '2015-10-07'),
(1851, 1, 7, '2015-10-07', '2015-10-08', '2015-10-09'),
(1852, 2, 7, '2015-10-09', '2015-10-11', '2015-10-13'),
(1853, 2, 7, '2015-10-13', '2015-10-15', '2015-10-17'),
(1854, 5, 7, '2015-10-17', '2015-10-19', '2015-10-21'),
(1855, 2, 7, '2015-10-21', '2015-10-23', '2015-10-25'),
(1856, 8, 7, '2015-10-25', '2015-10-27', '2015-10-29'),
(1857, 4, 7, '2015-10-29', '2015-10-30', '2015-10-31'),
(1858, 6, 7, '2015-10-31', '2015-11-03', '2015-11-06'),
(1859, 5, 7, '2015-11-06', '2015-11-08', '2015-11-10'),
(1860, 3, 7, '2015-11-10', '2015-11-13', '2015-11-16'),
(1861, 3, 7, '2015-11-16', '2015-11-19', '2015-11-22'),
(1862, 3, 7, '2015-11-22', '2015-11-25', '2015-11-28'),
(1863, 2, 7, '2015-11-28', '2015-11-30', '2015-12-02'),
(1864, 6, 7, '2015-12-02', '2015-12-05', '2015-12-08');
INSERT INTO `route` (`id`, `region_id`, `courier_id`, `start_date`, `arrival_date`, `back_date`) VALUES
(1865, 4, 7, '2015-12-08', '2015-12-09', '2015-12-10'),
(1866, 1, 7, '2015-12-10', '2015-12-11', '2015-12-12'),
(1867, 6, 7, '2015-12-12', '2015-12-15', '2015-12-18'),
(1868, 6, 7, '2015-12-18', '2015-12-21', '2015-12-24'),
(1869, 8, 7, '2015-12-24', '2015-12-26', '2015-12-28'),
(1870, 10, 7, '2015-12-28', '2015-12-31', '2016-01-03'),
(1871, 8, 7, '2016-01-03', '2016-01-05', '2016-01-07'),
(1872, 7, 7, '2016-01-07', '2016-01-08', '2016-01-09'),
(1873, 3, 7, '2016-01-09', '2016-01-12', '2016-01-15'),
(1874, 7, 7, '2016-01-15', '2016-01-16', '2016-01-17'),
(1875, 10, 7, '2016-01-17', '2016-01-20', '2016-01-23'),
(1876, 5, 7, '2016-01-23', '2016-01-25', '2016-01-27'),
(1877, 3, 7, '2016-01-27', '2016-01-30', '2016-02-02'),
(1878, 6, 7, '2016-02-02', '2016-02-05', '2016-02-08'),
(1879, 1, 7, '2016-02-08', '2016-02-09', '2016-02-10'),
(1880, 8, 7, '2016-02-10', '2016-02-12', '2016-02-14'),
(1881, 3, 7, '2016-02-14', '2016-02-17', '2016-02-20'),
(1882, 4, 7, '2016-02-20', '2016-02-21', '2016-02-22'),
(1883, 9, 7, '2016-02-22', '2016-02-23', '2016-02-24'),
(1884, 10, 7, '2016-02-24', '2016-02-27', '2016-03-01'),
(1885, 6, 7, '2016-03-01', '2016-03-04', '2016-03-07'),
(1886, 3, 7, '2016-03-07', '2016-03-10', '2016-03-13'),
(1887, 8, 7, '2016-03-13', '2016-03-15', '2016-03-17'),
(1888, 3, 7, '2016-03-17', '2016-03-20', '2016-03-23'),
(1889, 1, 7, '2016-03-23', '2016-03-24', '2016-03-25'),
(1890, 10, 7, '2016-03-25', '2016-03-28', '2016-03-31'),
(1891, 2, 7, '2016-03-31', '2016-04-02', '2016-04-04'),
(1892, 5, 7, '2016-04-04', '2016-04-06', '2016-04-08'),
(1893, 3, 7, '2016-04-08', '2016-04-11', '2016-04-14'),
(1894, 4, 7, '2016-04-14', '2016-04-15', '2016-04-16'),
(1895, 10, 7, '2016-04-16', '2016-04-19', '2016-04-22'),
(1896, 1, 7, '2016-04-22', '2016-04-23', '2016-04-24'),
(1897, 3, 7, '2016-04-24', '2016-04-27', '2016-04-30'),
(1898, 8, 7, '2016-04-30', '2016-05-02', '2016-05-04'),
(1899, 2, 7, '2016-05-04', '2016-05-06', '2016-05-08'),
(1900, 6, 7, '2016-05-08', '2016-05-11', '2016-05-14'),
(1901, 10, 7, '2016-05-14', '2016-05-17', '2016-05-20'),
(1902, 1, 7, '2016-05-20', '2016-05-21', '2016-05-22'),
(1903, 5, 7, '2016-05-22', '2016-05-24', '2016-05-26'),
(1904, 10, 7, '2016-05-26', '2016-05-29', '2016-06-01'),
(1905, 8, 7, '2016-06-01', '2016-06-03', '2016-06-05'),
(1906, 10, 7, '2016-06-05', '2016-06-08', '2016-06-11'),
(1907, 3, 7, '2016-06-11', '2016-06-14', '2016-06-17'),
(1908, 10, 7, '2016-06-17', '2016-06-20', '2016-06-23'),
(1909, 10, 7, '2016-06-23', '2016-06-26', '2016-06-29'),
(1910, 2, 7, '2016-06-29', '2016-07-01', '2016-07-03'),
(1911, 7, 7, '2016-07-03', '2016-07-04', '2016-07-05'),
(1912, 8, 7, '2016-07-05', '2016-07-07', '2016-07-09'),
(1913, 6, 7, '2016-07-09', '2016-07-12', '2016-07-15'),
(1914, 10, 7, '2016-07-15', '2016-07-18', '2016-07-21'),
(1915, 5, 7, '2016-07-21', '2016-07-23', '2016-07-25'),
(1916, 4, 7, '2016-07-25', '2016-07-26', '2016-07-27'),
(1917, 6, 7, '2016-07-27', '2016-07-30', '2016-08-02'),
(1918, 5, 7, '2016-08-02', '2016-08-04', '2016-08-06'),
(1919, 2, 7, '2016-08-06', '2016-08-08', '2016-08-10'),
(1920, 1, 7, '2016-08-10', '2016-08-11', '2016-08-12'),
(1921, 10, 7, '2016-08-12', '2016-08-15', '2016-08-18'),
(1922, 9, 7, '2016-08-18', '2016-08-19', '2016-08-20'),
(1923, 8, 7, '2016-08-20', '2016-08-22', '2016-08-24'),
(1924, 6, 7, '2016-08-24', '2016-08-27', '2016-08-30'),
(1925, 5, 7, '2016-08-30', '2016-09-01', '2016-09-03'),
(1926, 7, 7, '2016-09-03', '2016-09-04', '2016-09-05'),
(1927, 2, 7, '2016-09-05', '2016-09-07', '2016-09-09'),
(1928, 8, 7, '2016-09-09', '2016-09-11', '2016-09-13'),
(1929, 9, 7, '2016-09-13', '2016-09-14', '2016-09-15'),
(1930, 1, 7, '2016-09-15', '2016-09-16', '2016-09-17'),
(1931, 6, 7, '2016-09-17', '2016-09-20', '2016-09-23'),
(1932, 10, 7, '2016-09-23', '2016-09-26', '2016-09-29'),
(1933, 6, 7, '2016-09-29', '2016-10-02', '2016-10-05'),
(1934, 5, 7, '2016-10-05', '2016-10-07', '2016-10-09'),
(1935, 9, 7, '2016-10-09', '2016-10-10', '2016-10-11'),
(1936, 9, 7, '2016-10-11', '2016-10-12', '2016-10-13'),
(1937, 5, 7, '2016-10-13', '2016-10-15', '2016-10-17'),
(1938, 6, 7, '2016-10-17', '2016-10-20', '2016-10-23'),
(1939, 6, 7, '2016-10-23', '2016-10-26', '2016-10-29'),
(1940, 4, 7, '2016-10-29', '2016-10-30', '2016-10-31'),
(1941, 6, 7, '2016-10-31', '2016-11-03', '2016-11-06'),
(1942, 2, 7, '2016-11-06', '2016-11-08', '2016-11-10'),
(1943, 5, 7, '2016-11-10', '2016-11-12', '2016-11-14'),
(1944, 6, 7, '2016-11-14', '2016-11-17', '2016-11-20'),
(1945, 4, 7, '2016-11-20', '2016-11-21', '2016-11-22'),
(1946, 6, 7, '2016-11-22', '2016-11-25', '2016-11-28'),
(1947, 1, 7, '2016-11-28', '2016-11-29', '2016-11-30'),
(1948, 5, 7, '2016-11-30', '2016-12-02', '2016-12-04'),
(1949, 5, 7, '2016-12-04', '2016-12-06', '2016-12-08'),
(1950, 1, 7, '2016-12-08', '2016-12-09', '2016-12-10'),
(1951, 3, 7, '2016-12-10', '2016-12-13', '2016-12-16'),
(1952, 5, 7, '2016-12-16', '2016-12-18', '2016-12-20'),
(1953, 10, 7, '2016-12-20', '2016-12-23', '2016-12-26'),
(1954, 4, 7, '2016-12-26', '2016-12-27', '2016-12-28'),
(1955, 1, 7, '2016-12-28', '2016-12-29', '2016-12-30'),
(1956, 10, 7, '2016-12-30', '2017-01-02', '2017-01-05'),
(1957, 8, 7, '2017-01-05', '2017-01-07', '2017-01-09'),
(1958, 7, 7, '2017-01-09', '2017-01-10', '2017-01-11'),
(1959, 5, 7, '2017-01-11', '2017-01-13', '2017-01-15'),
(1960, 5, 7, '2017-01-15', '2017-01-17', '2017-01-19'),
(1961, 7, 7, '2017-01-19', '2017-01-20', '2017-01-21'),
(1962, 5, 7, '2017-01-21', '2017-01-23', '2017-01-25'),
(1963, 5, 7, '2017-01-25', '2017-01-27', '2017-01-29'),
(1964, 5, 7, '2017-01-29', '2017-01-31', '2017-02-02'),
(1965, 8, 7, '2017-02-02', '2017-02-04', '2017-02-06'),
(1966, 5, 7, '2017-02-06', '2017-02-08', '2017-02-10'),
(1967, 8, 7, '2017-02-10', '2017-02-12', '2017-02-14'),
(1968, 8, 7, '2017-02-14', '2017-02-16', '2017-02-18'),
(1969, 8, 7, '2017-02-18', '2017-02-20', '2017-02-22'),
(1970, 4, 7, '2017-02-22', '2017-02-23', '2017-02-24'),
(1971, 5, 7, '2017-02-24', '2017-02-26', '2017-02-28'),
(1972, 3, 7, '2017-02-28', '2017-03-03', '2017-03-06'),
(1973, 2, 7, '2017-03-06', '2017-03-08', '2017-03-10'),
(1974, 10, 7, '2017-03-10', '2017-03-13', '2017-03-16'),
(1975, 8, 7, '2017-03-16', '2017-03-18', '2017-03-20'),
(1976, 5, 7, '2017-03-20', '2017-03-22', '2017-03-24'),
(1977, 2, 7, '2017-03-24', '2017-03-26', '2017-03-28'),
(1978, 3, 7, '2017-03-28', '2017-03-31', '2017-04-03'),
(1979, 1, 7, '2017-04-03', '2017-04-04', '2017-04-05'),
(1980, 3, 7, '2017-04-05', '2017-04-08', '2017-04-11'),
(1981, 2, 7, '2017-04-11', '2017-04-13', '2017-04-15'),
(1982, 1, 7, '2017-04-15', '2017-04-16', '2017-04-17'),
(1983, 9, 7, '2017-04-17', '2017-04-18', '2017-04-19'),
(1984, 1, 7, '2017-04-19', '2017-04-20', '2017-04-21'),
(1985, 4, 7, '2017-04-21', '2017-04-22', '2017-04-23'),
(1986, 1, 7, '2017-04-23', '2017-04-24', '2017-04-25'),
(1987, 7, 7, '2017-04-25', '2017-04-26', '2017-04-27'),
(1988, 2, 7, '2017-04-27', '2017-04-29', '2017-05-01'),
(1989, 8, 7, '2017-05-01', '2017-05-03', '2017-05-05'),
(1990, 2, 7, '2017-05-05', '2017-05-07', '2017-05-09'),
(1991, 1, 7, '2017-05-09', '2017-05-10', '2017-05-11'),
(1992, 6, 7, '2017-05-11', '2017-05-14', '2017-05-17'),
(1993, 7, 7, '2017-05-17', '2017-05-18', '2017-05-19'),
(1994, 9, 7, '2017-05-19', '2017-05-20', '2017-05-21'),
(1995, 7, 7, '2017-05-21', '2017-05-22', '2017-05-23'),
(1996, 8, 7, '2017-05-23', '2017-05-25', '2017-05-27'),
(1997, 10, 7, '2017-05-27', '2017-05-30', '2017-06-02'),
(1998, 3, 7, '2017-06-02', '2017-06-05', '2017-06-08'),
(1999, 10, 7, '2017-06-08', '2017-06-11', '2017-06-14'),
(2000, 6, 7, '2017-06-14', '2017-06-17', '2017-06-20'),
(2001, 2, 7, '2017-06-20', '2017-06-22', '2017-06-24'),
(2002, 3, 7, '2017-06-24', '2017-06-27', '2017-06-30'),
(2003, 7, 7, '2017-06-30', '2017-07-01', '2017-07-02'),
(2004, 2, 7, '2017-07-02', '2017-07-04', '2017-07-06'),
(2005, 10, 7, '2017-07-06', '2017-07-09', '2017-07-12'),
(2006, 10, 7, '2017-07-12', '2017-07-15', '2017-07-18'),
(2007, 8, 7, '2017-07-18', '2017-07-20', '2017-07-22'),
(2008, 10, 7, '2017-07-22', '2017-07-25', '2017-07-28'),
(2009, 5, 7, '2017-07-28', '2017-07-30', '2017-08-01'),
(2010, 1, 7, '2017-08-01', '2017-08-02', '2017-08-03'),
(2011, 6, 7, '2017-08-03', '2017-08-06', '2017-08-09'),
(2012, 7, 7, '2017-08-09', '2017-08-10', '2017-08-11'),
(2013, 2, 7, '2017-08-11', '2017-08-13', '2017-08-15'),
(2014, 3, 7, '2017-08-15', '2017-08-18', '2017-08-21'),
(2015, 7, 7, '2017-08-21', '2017-08-22', '2017-08-23'),
(2016, 8, 7, '2017-08-23', '2017-08-25', '2017-08-27'),
(2017, 5, 7, '2017-08-27', '2017-08-29', '2017-08-31'),
(2018, 4, 7, '2017-08-31', '2017-09-01', '2017-09-02'),
(2019, 9, 7, '2017-09-02', '2017-09-03', '2017-09-04'),
(2020, 10, 7, '2017-09-04', '2017-09-07', '2017-09-10'),
(2021, 1, 7, '2017-09-10', '2017-09-11', '2017-09-12'),
(2022, 5, 7, '2017-09-12', '2017-09-14', '2017-09-16'),
(2023, 5, 7, '2017-09-16', '2017-09-18', '2017-09-20'),
(2024, 3, 7, '2017-09-20', '2017-09-23', '2017-09-26'),
(2025, 1, 7, '2017-09-26', '2017-09-27', '2017-09-28'),
(2026, 9, 7, '2017-09-28', '2017-09-29', '2017-09-30'),
(2027, 10, 7, '2017-09-30', '2017-10-03', '2017-10-06'),
(2028, 9, 7, '2017-10-06', '2017-10-07', '2017-10-08'),
(2029, 4, 7, '2017-10-08', '2017-10-09', '2017-10-10'),
(2030, 7, 7, '2017-10-10', '2017-10-11', '2017-10-12'),
(2031, 7, 7, '2017-10-12', '2017-10-13', '2017-10-14'),
(2032, 7, 7, '2017-10-14', '2017-10-15', '2017-10-16'),
(2033, 1, 7, '2017-10-16', '2017-10-17', '2017-10-18'),
(2034, 8, 7, '2017-10-18', '2017-10-20', '2017-10-22'),
(2035, 8, 7, '2017-10-22', '2017-10-24', '2017-10-26'),
(2036, 9, 7, '2017-10-26', '2017-10-27', '2017-10-28'),
(2037, 5, 7, '2017-10-28', '2017-10-30', '2017-11-01'),
(2038, 10, 7, '2017-11-01', '2017-11-04', '2017-11-07'),
(2039, 1, 7, '2017-11-07', '2017-11-08', '2017-11-09'),
(2040, 9, 7, '2017-11-09', '2017-11-10', '2017-11-11'),
(2041, 6, 7, '2017-11-11', '2017-11-14', '2017-11-17'),
(2042, 5, 7, '2017-11-17', '2017-11-19', '2017-11-21'),
(2043, 7, 7, '2017-11-21', '2017-11-22', '2017-11-23'),
(2044, 3, 7, '2017-11-23', '2017-11-26', '2017-11-29'),
(2045, 3, 7, '2017-11-29', '2017-12-02', '2017-12-05'),
(2046, 2, 7, '2017-12-05', '2017-12-07', '2017-12-09'),
(2047, 4, 7, '2017-12-09', '2017-12-10', '2017-12-11'),
(2048, 7, 7, '2017-12-11', '2017-12-12', '2017-12-13'),
(2049, 5, 7, '2017-12-13', '2017-12-15', '2017-12-17'),
(2050, 5, 7, '2017-12-17', '2017-12-19', '2017-12-21'),
(2051, 9, 7, '2017-12-21', '2017-12-22', '2017-12-23'),
(2052, 10, 7, '2017-12-23', '2017-12-26', '2017-12-29'),
(2053, 5, 7, '2017-12-29', '2017-12-31', '2018-01-02'),
(2054, 10, 7, '2018-01-02', '2018-01-05', '2018-01-08'),
(2055, 7, 7, '2018-01-08', '2018-01-09', '2018-01-10'),
(2056, 7, 7, '2018-01-10', '2018-01-11', '2018-01-12'),
(2057, 1, 7, '2018-01-12', '2018-01-13', '2018-01-14'),
(2058, 3, 7, '2018-01-14', '2018-01-17', '2018-01-20'),
(2059, 9, 7, '2018-01-20', '2018-01-21', '2018-01-22'),
(2060, 10, 7, '2018-01-22', '2018-01-25', '2018-01-28'),
(2061, 8, 7, '2018-01-28', '2018-01-30', '2018-02-01'),
(2062, 2, 7, '2018-02-01', '2018-02-03', '2018-02-05'),
(2063, 10, 7, '2018-02-05', '2018-02-08', '2018-02-11'),
(2064, 1, 7, '2018-02-11', '2018-02-12', '2018-02-13'),
(2065, 2, 7, '2018-02-13', '2018-02-15', '2018-02-17'),
(2066, 10, 7, '2018-02-17', '2018-02-20', '2018-02-23'),
(2067, 3, 7, '2018-02-23', '2018-02-26', '2018-03-01'),
(2068, 4, 7, '2018-03-01', '2018-03-02', '2018-03-03'),
(2069, 3, 7, '2018-03-03', '2018-03-06', '2018-03-09'),
(2070, 4, 7, '2018-03-09', '2018-03-10', '2018-03-11'),
(2071, 9, 7, '2018-03-11', '2018-03-12', '2018-03-13'),
(2072, 9, 7, '2018-03-13', '2018-03-14', '2018-03-15'),
(2073, 3, 7, '2018-03-15', '2018-03-18', '2018-03-21'),
(2074, 1, 7, '2018-03-21', '2018-03-22', '2018-03-23'),
(2075, 8, 7, '2018-03-23', '2018-03-25', '2018-03-27'),
(2076, 3, 7, '2018-03-27', '2018-03-30', '2018-04-02'),
(2077, 4, 7, '2018-04-02', '2018-04-03', '2018-04-04'),
(2078, 3, 7, '2018-04-04', '2018-04-07', '2018-04-10'),
(2079, 8, 7, '2018-04-10', '2018-04-12', '2018-04-14'),
(2080, 6, 7, '2018-04-14', '2018-04-17', '2018-04-20'),
(2081, 1, 7, '2018-04-20', '2018-04-21', '2018-04-22'),
(2082, 2, 7, '2018-04-22', '2018-04-24', '2018-04-26'),
(2083, 7, 7, '2018-04-26', '2018-04-27', '2018-04-28'),
(2084, 4, 7, '2018-04-28', '2018-04-29', '2018-04-30'),
(2085, 3, 7, '2018-04-30', '2018-05-03', '2018-05-06'),
(2086, 7, 7, '2018-05-06', '2018-05-07', '2018-05-08'),
(2087, 9, 7, '2018-05-08', '2018-05-09', '2018-05-10'),
(2088, 10, 7, '2018-05-10', '2018-05-13', '2018-05-16'),
(2089, 1, 7, '2018-05-16', '2018-05-17', '2018-05-18'),
(2090, 2, 7, '2018-05-18', '2018-05-20', '2018-05-22'),
(2091, 7, 7, '2018-05-22', '2018-05-23', '2018-05-24'),
(2092, 3, 7, '2018-05-24', '2018-05-27', '2018-05-30'),
(2093, 8, 7, '2018-05-30', '2018-06-01', '2018-06-03'),
(2094, 2, 7, '2018-06-03', '2018-06-05', '2018-06-07'),
(2095, 6, 7, '2018-06-07', '2018-06-10', '2018-06-13'),
(2096, 10, 7, '2018-06-13', '2018-06-16', '2018-06-19'),
(2097, 9, 7, '2018-06-19', '2018-06-20', '2018-06-21'),
(2098, 5, 7, '2018-06-21', '2018-06-23', '2018-06-25'),
(2099, 7, 7, '2018-06-25', '2018-06-26', '2018-06-27'),
(2100, 3, 7, '2018-06-27', '2018-06-30', '2018-07-03'),
(2101, 9, 7, '2018-07-03', '2018-07-04', '2018-07-05'),
(2102, 8, 7, '2018-07-05', '2018-07-07', '2018-07-09'),
(2103, 3, 7, '2018-07-09', '2018-07-12', '2018-07-15'),
(2104, 2, 7, '2018-07-15', '2018-07-17', '2018-07-19'),
(2105, 1, 7, '2018-07-19', '2018-07-20', '2018-07-21'),
(2106, 7, 7, '2018-07-21', '2018-07-22', '2018-07-23'),
(2107, 8, 7, '2018-07-23', '2018-07-25', '2018-07-27'),
(2108, 9, 7, '2018-07-27', '2018-07-28', '2018-07-29'),
(2109, 6, 7, '2018-07-29', '2018-08-01', '2018-08-04'),
(2110, 3, 7, '2018-08-04', '2018-08-07', '2018-08-10'),
(2111, 4, 7, '2018-08-10', '2018-08-11', '2018-08-12'),
(2112, 3, 7, '2018-08-12', '2018-08-15', '2018-08-18'),
(2113, 5, 8, '2015-06-01', '2015-06-03', '2015-06-05'),
(2114, 2, 8, '2015-06-05', '2015-06-07', '2015-06-09'),
(2115, 9, 8, '2015-06-09', '2015-06-10', '2015-06-11'),
(2116, 2, 8, '2015-06-11', '2015-06-13', '2015-06-15'),
(2117, 4, 8, '2015-06-15', '2015-06-16', '2015-06-17'),
(2118, 6, 8, '2015-06-17', '2015-06-20', '2015-06-23'),
(2119, 3, 8, '2015-06-23', '2015-06-26', '2015-06-29'),
(2120, 5, 8, '2015-06-29', '2015-07-01', '2015-07-03'),
(2121, 10, 8, '2015-07-03', '2015-07-06', '2015-07-09'),
(2122, 3, 8, '2015-07-09', '2015-07-12', '2015-07-15'),
(2123, 10, 8, '2015-07-15', '2015-07-18', '2015-07-21'),
(2124, 3, 8, '2015-07-21', '2015-07-24', '2015-07-27'),
(2125, 3, 8, '2015-07-27', '2015-07-30', '2015-08-02'),
(2126, 9, 8, '2015-08-02', '2015-08-03', '2015-08-04'),
(2127, 10, 8, '2015-08-04', '2015-08-07', '2015-08-10'),
(2128, 8, 8, '2015-08-10', '2015-08-12', '2015-08-14'),
(2129, 6, 8, '2015-08-14', '2015-08-17', '2015-08-20'),
(2130, 4, 8, '2015-08-20', '2015-08-21', '2015-08-22'),
(2131, 5, 8, '2015-08-22', '2015-08-24', '2015-08-26'),
(2132, 9, 8, '2015-08-26', '2015-08-27', '2015-08-28'),
(2133, 9, 8, '2015-08-28', '2015-08-29', '2015-08-30'),
(2134, 3, 8, '2015-08-30', '2015-09-02', '2015-09-05'),
(2135, 8, 8, '2015-09-05', '2015-09-07', '2015-09-09'),
(2136, 1, 8, '2015-09-09', '2015-09-10', '2015-09-11'),
(2137, 10, 8, '2015-09-11', '2015-09-14', '2015-09-17'),
(2138, 2, 8, '2015-09-17', '2015-09-19', '2015-09-21'),
(2139, 5, 8, '2015-09-21', '2015-09-23', '2015-09-25'),
(2140, 2, 8, '2015-09-25', '2015-09-27', '2015-09-29'),
(2141, 4, 8, '2015-09-29', '2015-09-30', '2015-10-01'),
(2142, 5, 8, '2015-10-01', '2015-10-03', '2015-10-05'),
(2143, 4, 8, '2015-10-05', '2015-10-06', '2015-10-07'),
(2144, 4, 8, '2015-10-07', '2015-10-08', '2015-10-09'),
(2145, 7, 8, '2015-10-09', '2015-10-10', '2015-10-11'),
(2146, 6, 8, '2015-10-11', '2015-10-14', '2015-10-17'),
(2147, 10, 8, '2015-10-17', '2015-10-20', '2015-10-23'),
(2148, 7, 8, '2015-10-23', '2015-10-24', '2015-10-25'),
(2149, 7, 8, '2015-10-25', '2015-10-26', '2015-10-27'),
(2150, 2, 8, '2015-10-27', '2015-10-29', '2015-10-31'),
(2151, 7, 8, '2015-10-31', '2015-11-01', '2015-11-02'),
(2152, 1, 8, '2015-11-02', '2015-11-03', '2015-11-04'),
(2153, 10, 8, '2015-11-04', '2015-11-07', '2015-11-10'),
(2154, 7, 8, '2015-11-10', '2015-11-11', '2015-11-12'),
(2155, 7, 8, '2015-11-12', '2015-11-13', '2015-11-14'),
(2156, 4, 8, '2015-11-14', '2015-11-15', '2015-11-16'),
(2157, 3, 8, '2015-11-16', '2015-11-19', '2015-11-22'),
(2158, 5, 8, '2015-11-22', '2015-11-24', '2015-11-26'),
(2159, 2, 8, '2015-11-26', '2015-11-28', '2015-11-30'),
(2160, 1, 8, '2015-11-30', '2015-12-01', '2015-12-02'),
(2161, 2, 8, '2015-12-02', '2015-12-04', '2015-12-06'),
(2162, 7, 8, '2015-12-06', '2015-12-07', '2015-12-08'),
(2163, 6, 8, '2015-12-08', '2015-12-11', '2015-12-14'),
(2164, 2, 8, '2015-12-14', '2015-12-16', '2015-12-18'),
(2165, 5, 8, '2015-12-18', '2015-12-20', '2015-12-22'),
(2166, 7, 8, '2015-12-22', '2015-12-23', '2015-12-24'),
(2167, 9, 8, '2015-12-24', '2015-12-25', '2015-12-26'),
(2168, 9, 8, '2015-12-26', '2015-12-27', '2015-12-28'),
(2169, 2, 8, '2015-12-28', '2015-12-30', '2016-01-01'),
(2170, 5, 8, '2016-01-01', '2016-01-03', '2016-01-05'),
(2171, 4, 8, '2016-01-05', '2016-01-06', '2016-01-07'),
(2172, 3, 8, '2016-01-07', '2016-01-10', '2016-01-13'),
(2173, 6, 8, '2016-01-13', '2016-01-16', '2016-01-19'),
(2174, 1, 8, '2016-01-19', '2016-01-20', '2016-01-21'),
(2175, 4, 8, '2016-01-21', '2016-01-22', '2016-01-23'),
(2176, 9, 8, '2016-01-23', '2016-01-24', '2016-01-25'),
(2177, 7, 8, '2016-01-25', '2016-01-26', '2016-01-27'),
(2178, 6, 8, '2016-01-27', '2016-01-30', '2016-02-02'),
(2179, 6, 8, '2016-02-02', '2016-02-05', '2016-02-08'),
(2180, 10, 8, '2016-02-08', '2016-02-11', '2016-02-14'),
(2181, 5, 8, '2016-02-14', '2016-02-16', '2016-02-18'),
(2182, 7, 8, '2016-02-18', '2016-02-19', '2016-02-20'),
(2183, 1, 8, '2016-02-20', '2016-02-21', '2016-02-22'),
(2184, 1, 8, '2016-02-22', '2016-02-23', '2016-02-24'),
(2185, 1, 8, '2016-02-24', '2016-02-25', '2016-02-26'),
(2186, 3, 8, '2016-02-26', '2016-02-29', '2016-03-03'),
(2187, 8, 8, '2016-03-03', '2016-03-05', '2016-03-07'),
(2188, 2, 8, '2016-03-07', '2016-03-09', '2016-03-11'),
(2189, 9, 8, '2016-03-11', '2016-03-12', '2016-03-13'),
(2190, 10, 8, '2016-03-13', '2016-03-16', '2016-03-19'),
(2191, 3, 8, '2016-03-19', '2016-03-22', '2016-03-25'),
(2192, 1, 8, '2016-03-25', '2016-03-26', '2016-03-27'),
(2193, 9, 8, '2016-03-27', '2016-03-28', '2016-03-29'),
(2194, 5, 8, '2016-03-29', '2016-03-31', '2016-04-02'),
(2195, 5, 8, '2016-04-02', '2016-04-04', '2016-04-06'),
(2196, 3, 8, '2016-04-06', '2016-04-09', '2016-04-12'),
(2197, 10, 8, '2016-04-12', '2016-04-15', '2016-04-18'),
(2198, 2, 8, '2016-04-18', '2016-04-20', '2016-04-22'),
(2199, 10, 8, '2016-04-22', '2016-04-25', '2016-04-28'),
(2200, 2, 8, '2016-04-28', '2016-04-30', '2016-05-02'),
(2201, 5, 8, '2016-05-02', '2016-05-04', '2016-05-06'),
(2202, 6, 8, '2016-05-06', '2016-05-09', '2016-05-12'),
(2203, 3, 8, '2016-05-12', '2016-05-15', '2016-05-18'),
(2204, 2, 8, '2016-05-18', '2016-05-20', '2016-05-22'),
(2205, 2, 8, '2016-05-22', '2016-05-24', '2016-05-26'),
(2206, 3, 8, '2016-05-26', '2016-05-29', '2016-06-01'),
(2207, 4, 8, '2016-06-01', '2016-06-02', '2016-06-03'),
(2208, 10, 8, '2016-06-03', '2016-06-06', '2016-06-09'),
(2209, 4, 8, '2016-06-09', '2016-06-10', '2016-06-11'),
(2210, 6, 8, '2016-06-11', '2016-06-14', '2016-06-17'),
(2211, 3, 8, '2016-06-17', '2016-06-20', '2016-06-23'),
(2212, 3, 8, '2016-06-23', '2016-06-26', '2016-06-29'),
(2213, 7, 8, '2016-06-29', '2016-06-30', '2016-07-01'),
(2214, 8, 8, '2016-07-01', '2016-07-03', '2016-07-05'),
(2215, 7, 8, '2016-07-05', '2016-07-06', '2016-07-07'),
(2216, 9, 8, '2016-07-07', '2016-07-08', '2016-07-09'),
(2217, 7, 8, '2016-07-09', '2016-07-10', '2016-07-11'),
(2218, 8, 8, '2016-07-11', '2016-07-13', '2016-07-15'),
(2219, 2, 8, '2016-07-15', '2016-07-17', '2016-07-19'),
(2220, 3, 8, '2016-07-19', '2016-07-22', '2016-07-25'),
(2221, 2, 8, '2016-07-25', '2016-07-27', '2016-07-29'),
(2222, 6, 8, '2016-07-29', '2016-08-01', '2016-08-04'),
(2223, 2, 8, '2016-08-04', '2016-08-06', '2016-08-08'),
(2224, 10, 8, '2016-08-08', '2016-08-11', '2016-08-14'),
(2225, 5, 8, '2016-08-14', '2016-08-16', '2016-08-18'),
(2226, 5, 8, '2016-08-18', '2016-08-20', '2016-08-22'),
(2227, 8, 8, '2016-08-22', '2016-08-24', '2016-08-26'),
(2228, 7, 8, '2016-08-26', '2016-08-27', '2016-08-28'),
(2229, 4, 8, '2016-08-28', '2016-08-29', '2016-08-30'),
(2230, 10, 8, '2016-08-30', '2016-09-02', '2016-09-05'),
(2231, 7, 8, '2016-09-05', '2016-09-06', '2016-09-07'),
(2232, 2, 8, '2016-09-07', '2016-09-09', '2016-09-11'),
(2233, 8, 8, '2016-09-11', '2016-09-13', '2016-09-15'),
(2234, 1, 8, '2016-09-15', '2016-09-16', '2016-09-17'),
(2235, 3, 8, '2016-09-17', '2016-09-20', '2016-09-23'),
(2236, 4, 8, '2016-09-23', '2016-09-24', '2016-09-25'),
(2237, 8, 8, '2016-09-25', '2016-09-27', '2016-09-29'),
(2238, 1, 8, '2016-09-29', '2016-09-30', '2016-10-01'),
(2239, 3, 8, '2016-10-01', '2016-10-04', '2016-10-07'),
(2240, 6, 8, '2016-10-07', '2016-10-10', '2016-10-13'),
(2241, 8, 8, '2016-10-13', '2016-10-15', '2016-10-17'),
(2242, 8, 8, '2016-10-17', '2016-10-19', '2016-10-21'),
(2243, 10, 8, '2016-10-21', '2016-10-24', '2016-10-27'),
(2244, 1, 8, '2016-10-27', '2016-10-28', '2016-10-29'),
(2245, 6, 8, '2016-10-29', '2016-11-01', '2016-11-04'),
(2246, 5, 8, '2016-11-04', '2016-11-06', '2016-11-08'),
(2247, 8, 8, '2016-11-08', '2016-11-10', '2016-11-12'),
(2248, 4, 8, '2016-11-12', '2016-11-13', '2016-11-14'),
(2249, 8, 8, '2016-11-14', '2016-11-16', '2016-11-18'),
(2250, 10, 8, '2016-11-18', '2016-11-21', '2016-11-24'),
(2251, 8, 8, '2016-11-24', '2016-11-26', '2016-11-28'),
(2252, 2, 8, '2016-11-28', '2016-11-30', '2016-12-02'),
(2253, 9, 8, '2016-12-02', '2016-12-03', '2016-12-04'),
(2254, 6, 8, '2016-12-04', '2016-12-07', '2016-12-10'),
(2255, 7, 8, '2016-12-10', '2016-12-11', '2016-12-12'),
(2256, 9, 8, '2016-12-12', '2016-12-13', '2016-12-14'),
(2257, 2, 8, '2016-12-14', '2016-12-16', '2016-12-18'),
(2258, 10, 8, '2016-12-18', '2016-12-21', '2016-12-24'),
(2259, 1, 8, '2016-12-24', '2016-12-25', '2016-12-26'),
(2260, 10, 8, '2016-12-26', '2016-12-29', '2017-01-01'),
(2261, 8, 8, '2017-01-01', '2017-01-03', '2017-01-05'),
(2262, 7, 8, '2017-01-05', '2017-01-06', '2017-01-07'),
(2263, 6, 8, '2017-01-07', '2017-01-10', '2017-01-13'),
(2264, 8, 8, '2017-01-13', '2017-01-15', '2017-01-17'),
(2265, 8, 8, '2017-01-17', '2017-01-19', '2017-01-21'),
(2266, 3, 8, '2017-01-21', '2017-01-24', '2017-01-27'),
(2267, 8, 8, '2017-01-27', '2017-01-29', '2017-01-31'),
(2268, 10, 8, '2017-01-31', '2017-02-03', '2017-02-06'),
(2269, 3, 8, '2017-02-06', '2017-02-09', '2017-02-12'),
(2270, 5, 8, '2017-02-12', '2017-02-14', '2017-02-16'),
(2271, 5, 8, '2017-02-16', '2017-02-18', '2017-02-20'),
(2272, 2, 8, '2017-02-20', '2017-02-22', '2017-02-24'),
(2273, 7, 8, '2017-02-24', '2017-02-25', '2017-02-26'),
(2274, 4, 8, '2017-02-26', '2017-02-27', '2017-02-28'),
(2275, 3, 8, '2017-02-28', '2017-03-03', '2017-03-06'),
(2276, 1, 8, '2017-03-06', '2017-03-07', '2017-03-08'),
(2277, 4, 8, '2017-03-08', '2017-03-09', '2017-03-10'),
(2278, 9, 8, '2017-03-10', '2017-03-11', '2017-03-12'),
(2279, 2, 8, '2017-03-12', '2017-03-14', '2017-03-16'),
(2280, 7, 8, '2017-03-16', '2017-03-17', '2017-03-18'),
(2281, 4, 8, '2017-03-18', '2017-03-19', '2017-03-20'),
(2282, 10, 8, '2017-03-20', '2017-03-23', '2017-03-26'),
(2283, 1, 8, '2017-03-26', '2017-03-27', '2017-03-28'),
(2284, 8, 8, '2017-03-28', '2017-03-30', '2017-04-01'),
(2285, 8, 8, '2017-04-01', '2017-04-03', '2017-04-05'),
(2286, 1, 8, '2017-04-05', '2017-04-06', '2017-04-07'),
(2287, 4, 8, '2017-04-07', '2017-04-08', '2017-04-09'),
(2288, 10, 8, '2017-04-09', '2017-04-12', '2017-04-15'),
(2289, 5, 8, '2017-04-15', '2017-04-17', '2017-04-19'),
(2290, 2, 8, '2017-04-19', '2017-04-21', '2017-04-23'),
(2291, 2, 8, '2017-04-23', '2017-04-25', '2017-04-27'),
(2292, 3, 8, '2017-04-27', '2017-04-30', '2017-05-03'),
(2293, 3, 8, '2017-05-03', '2017-05-06', '2017-05-09'),
(2294, 6, 8, '2017-05-09', '2017-05-12', '2017-05-15'),
(2295, 4, 8, '2017-05-15', '2017-05-16', '2017-05-17'),
(2296, 10, 8, '2017-05-17', '2017-05-20', '2017-05-23'),
(2297, 10, 8, '2017-05-23', '2017-05-26', '2017-05-29'),
(2298, 9, 8, '2017-05-29', '2017-05-30', '2017-05-31'),
(2299, 8, 8, '2017-05-31', '2017-06-02', '2017-06-04'),
(2300, 9, 8, '2017-06-04', '2017-06-05', '2017-06-06'),
(2301, 10, 8, '2017-06-06', '2017-06-09', '2017-06-12'),
(2302, 9, 8, '2017-06-12', '2017-06-13', '2017-06-14'),
(2303, 4, 8, '2017-06-14', '2017-06-15', '2017-06-16'),
(2304, 1, 8, '2017-06-16', '2017-06-17', '2017-06-18'),
(2305, 9, 8, '2017-06-18', '2017-06-19', '2017-06-20'),
(2306, 6, 8, '2017-06-20', '2017-06-23', '2017-06-26'),
(2307, 10, 8, '2017-06-26', '2017-06-29', '2017-07-02'),
(2308, 7, 8, '2017-07-02', '2017-07-03', '2017-07-04'),
(2309, 2, 8, '2017-07-04', '2017-07-06', '2017-07-08'),
(2310, 10, 8, '2017-07-08', '2017-07-11', '2017-07-14'),
(2311, 9, 8, '2017-07-14', '2017-07-15', '2017-07-16'),
(2312, 4, 8, '2017-07-16', '2017-07-17', '2017-07-18'),
(2313, 2, 8, '2017-07-18', '2017-07-20', '2017-07-22'),
(2314, 8, 8, '2017-07-22', '2017-07-24', '2017-07-26'),
(2315, 9, 8, '2017-07-26', '2017-07-27', '2017-07-28'),
(2316, 8, 8, '2017-07-28', '2017-07-30', '2017-08-01'),
(2317, 10, 8, '2017-08-01', '2017-08-04', '2017-08-07'),
(2318, 5, 8, '2017-08-07', '2017-08-09', '2017-08-11'),
(2319, 7, 8, '2017-08-11', '2017-08-12', '2017-08-13'),
(2320, 6, 8, '2017-08-13', '2017-08-16', '2017-08-19'),
(2321, 5, 8, '2017-08-19', '2017-08-21', '2017-08-23'),
(2322, 10, 8, '2017-08-23', '2017-08-26', '2017-08-29'),
(2323, 10, 8, '2017-08-29', '2017-09-01', '2017-09-04'),
(2324, 2, 8, '2017-09-04', '2017-09-06', '2017-09-08'),
(2325, 8, 8, '2017-09-08', '2017-09-10', '2017-09-12'),
(2326, 2, 8, '2017-09-12', '2017-09-14', '2017-09-16'),
(2327, 6, 8, '2017-09-16', '2017-09-19', '2017-09-22'),
(2328, 4, 8, '2017-09-22', '2017-09-23', '2017-09-24'),
(2329, 10, 8, '2017-09-24', '2017-09-27', '2017-09-30'),
(2330, 6, 8, '2017-09-30', '2017-10-03', '2017-10-06'),
(2331, 9, 8, '2017-10-06', '2017-10-07', '2017-10-08'),
(2332, 1, 8, '2017-10-08', '2017-10-09', '2017-10-10'),
(2333, 9, 8, '2017-10-10', '2017-10-11', '2017-10-12'),
(2334, 9, 8, '2017-10-12', '2017-10-13', '2017-10-14'),
(2335, 5, 8, '2017-10-14', '2017-10-16', '2017-10-18'),
(2336, 6, 8, '2017-10-18', '2017-10-21', '2017-10-24'),
(2337, 10, 8, '2017-10-24', '2017-10-27', '2017-10-30'),
(2338, 2, 8, '2017-10-30', '2017-11-01', '2017-11-03'),
(2339, 9, 8, '2017-11-03', '2017-11-04', '2017-11-05'),
(2340, 9, 8, '2017-11-05', '2017-11-06', '2017-11-07'),
(2341, 8, 8, '2017-11-07', '2017-11-09', '2017-11-11'),
(2342, 8, 8, '2017-11-11', '2017-11-13', '2017-11-15'),
(2343, 4, 8, '2017-11-15', '2017-11-16', '2017-11-17'),
(2344, 7, 8, '2017-11-17', '2017-11-18', '2017-11-19'),
(2345, 10, 8, '2017-11-19', '2017-11-22', '2017-11-25'),
(2346, 6, 8, '2017-11-25', '2017-11-28', '2017-12-01'),
(2347, 6, 8, '2017-12-01', '2017-12-04', '2017-12-07'),
(2348, 2, 8, '2017-12-07', '2017-12-09', '2017-12-11'),
(2349, 10, 8, '2017-12-11', '2017-12-14', '2017-12-17'),
(2350, 9, 8, '2017-12-17', '2017-12-18', '2017-12-19'),
(2351, 9, 8, '2017-12-19', '2017-12-20', '2017-12-21'),
(2352, 5, 8, '2017-12-21', '2017-12-23', '2017-12-25'),
(2353, 6, 8, '2017-12-25', '2017-12-28', '2017-12-31'),
(2354, 7, 8, '2017-12-31', '2018-01-01', '2018-01-02'),
(2355, 4, 8, '2018-01-02', '2018-01-03', '2018-01-04'),
(2356, 5, 8, '2018-01-04', '2018-01-06', '2018-01-08'),
(2357, 5, 8, '2018-01-08', '2018-01-10', '2018-01-12'),
(2358, 6, 8, '2018-01-12', '2018-01-15', '2018-01-18'),
(2359, 1, 8, '2018-01-18', '2018-01-19', '2018-01-20'),
(2360, 9, 8, '2018-01-20', '2018-01-21', '2018-01-22'),
(2361, 3, 8, '2018-01-22', '2018-01-25', '2018-01-28'),
(2362, 8, 8, '2018-01-28', '2018-01-30', '2018-02-01'),
(2363, 1, 8, '2018-02-01', '2018-02-02', '2018-02-03'),
(2364, 1, 8, '2018-02-03', '2018-02-04', '2018-02-05'),
(2365, 4, 8, '2018-02-05', '2018-02-06', '2018-02-07'),
(2366, 6, 8, '2018-02-07', '2018-02-10', '2018-02-13'),
(2367, 6, 8, '2018-02-13', '2018-02-16', '2018-02-19'),
(2368, 3, 8, '2018-02-19', '2018-02-22', '2018-02-25'),
(2369, 5, 8, '2018-02-25', '2018-02-27', '2018-03-01'),
(2370, 3, 8, '2018-03-01', '2018-03-04', '2018-03-07'),
(2371, 3, 8, '2018-03-07', '2018-03-10', '2018-03-13'),
(2372, 3, 8, '2018-03-13', '2018-03-16', '2018-03-19'),
(2373, 10, 8, '2018-03-19', '2018-03-22', '2018-03-25'),
(2374, 6, 8, '2018-03-25', '2018-03-28', '2018-03-31'),
(2375, 8, 8, '2018-03-31', '2018-04-02', '2018-04-04'),
(2376, 1, 8, '2018-04-04', '2018-04-05', '2018-04-06'),
(2377, 5, 8, '2018-04-06', '2018-04-08', '2018-04-10'),
(2378, 7, 8, '2018-04-10', '2018-04-11', '2018-04-12'),
(2379, 1, 8, '2018-04-12', '2018-04-13', '2018-04-14'),
(2380, 8, 8, '2018-04-14', '2018-04-16', '2018-04-18'),
(2381, 4, 8, '2018-04-18', '2018-04-19', '2018-04-20'),
(2382, 4, 8, '2018-04-20', '2018-04-21', '2018-04-22'),
(2383, 7, 8, '2018-04-22', '2018-04-23', '2018-04-24'),
(2384, 9, 8, '2018-04-24', '2018-04-25', '2018-04-26'),
(2385, 9, 8, '2018-04-26', '2018-04-27', '2018-04-28'),
(2386, 7, 8, '2018-04-28', '2018-04-29', '2018-04-30'),
(2387, 8, 8, '2018-04-30', '2018-05-02', '2018-05-04'),
(2388, 8, 8, '2018-05-04', '2018-05-06', '2018-05-08'),
(2389, 3, 8, '2018-05-08', '2018-05-11', '2018-05-14'),
(2390, 1, 8, '2018-05-14', '2018-05-15', '2018-05-16'),
(2391, 4, 8, '2018-05-16', '2018-05-17', '2018-05-18'),
(2392, 5, 8, '2018-05-18', '2018-05-20', '2018-05-22'),
(2393, 8, 8, '2018-05-22', '2018-05-24', '2018-05-26'),
(2394, 6, 8, '2018-05-26', '2018-05-29', '2018-06-01'),
(2395, 10, 8, '2018-06-01', '2018-06-04', '2018-06-07'),
(2396, 3, 8, '2018-06-07', '2018-06-10', '2018-06-13'),
(2397, 10, 8, '2018-06-13', '2018-06-16', '2018-06-19'),
(2398, 5, 8, '2018-06-19', '2018-06-21', '2018-06-23'),
(2399, 8, 8, '2018-06-23', '2018-06-25', '2018-06-27'),
(2400, 5, 8, '2018-06-27', '2018-06-29', '2018-07-01'),
(2401, 4, 8, '2018-07-01', '2018-07-02', '2018-07-03'),
(2402, 7, 8, '2018-07-03', '2018-07-04', '2018-07-05'),
(2403, 3, 8, '2018-07-05', '2018-07-08', '2018-07-11'),
(2404, 10, 8, '2018-07-11', '2018-07-14', '2018-07-17'),
(2405, 9, 8, '2018-07-17', '2018-07-18', '2018-07-19'),
(2406, 2, 8, '2018-07-19', '2018-07-21', '2018-07-23'),
(2407, 5, 8, '2018-07-23', '2018-07-25', '2018-07-27'),
(2408, 9, 8, '2018-07-27', '2018-07-28', '2018-07-29'),
(2409, 1, 8, '2018-07-29', '2018-07-30', '2018-07-31'),
(2410, 8, 8, '2018-07-31', '2018-08-02', '2018-08-04'),
(2411, 7, 8, '2018-08-04', '2018-08-05', '2018-08-06'),
(2412, 4, 8, '2018-08-06', '2018-08-07', '2018-08-08'),
(2413, 6, 8, '2018-08-08', '2018-08-11', '2018-08-14'),
(2414, 2, 9, '2015-06-01', '2015-06-03', '2015-06-05'),
(2415, 9, 9, '2015-06-05', '2015-06-06', '2015-06-07'),
(2416, 10, 9, '2015-06-07', '2015-06-10', '2015-06-13'),
(2417, 1, 9, '2015-06-13', '2015-06-14', '2015-06-15'),
(2418, 5, 9, '2015-06-15', '2015-06-17', '2015-06-19'),
(2419, 5, 9, '2015-06-19', '2015-06-21', '2015-06-23'),
(2420, 5, 9, '2015-06-23', '2015-06-25', '2015-06-27'),
(2421, 3, 9, '2015-06-27', '2015-06-30', '2015-07-03'),
(2422, 1, 9, '2015-07-03', '2015-07-04', '2015-07-05'),
(2423, 4, 9, '2015-07-05', '2015-07-06', '2015-07-07'),
(2424, 6, 9, '2015-07-07', '2015-07-10', '2015-07-13'),
(2425, 4, 9, '2015-07-13', '2015-07-14', '2015-07-15'),
(2426, 8, 9, '2015-07-15', '2015-07-17', '2015-07-19'),
(2427, 6, 9, '2015-07-19', '2015-07-22', '2015-07-25'),
(2428, 2, 9, '2015-07-25', '2015-07-27', '2015-07-29'),
(2429, 7, 9, '2015-07-29', '2015-07-30', '2015-07-31'),
(2430, 1, 9, '2015-07-31', '2015-08-01', '2015-08-02'),
(2431, 3, 9, '2015-08-02', '2015-08-05', '2015-08-08'),
(2432, 10, 9, '2015-08-08', '2015-08-11', '2015-08-14'),
(2433, 8, 9, '2015-08-14', '2015-08-16', '2015-08-18'),
(2434, 2, 9, '2015-08-18', '2015-08-20', '2015-08-22'),
(2435, 9, 9, '2015-08-22', '2015-08-23', '2015-08-24'),
(2436, 1, 9, '2015-08-24', '2015-08-25', '2015-08-26'),
(2437, 10, 9, '2015-08-26', '2015-08-29', '2015-09-01'),
(2438, 6, 9, '2015-09-01', '2015-09-04', '2015-09-07'),
(2439, 3, 9, '2015-09-07', '2015-09-10', '2015-09-13'),
(2440, 4, 9, '2015-09-13', '2015-09-14', '2015-09-15'),
(2441, 6, 9, '2015-09-15', '2015-09-18', '2015-09-21'),
(2442, 6, 9, '2015-09-21', '2015-09-24', '2015-09-27'),
(2443, 5, 9, '2015-09-27', '2015-09-29', '2015-10-01'),
(2444, 5, 9, '2015-10-01', '2015-10-03', '2015-10-05'),
(2445, 3, 9, '2015-10-05', '2015-10-08', '2015-10-11'),
(2446, 5, 9, '2015-10-11', '2015-10-13', '2015-10-15'),
(2447, 5, 9, '2015-10-15', '2015-10-17', '2015-10-19'),
(2448, 2, 9, '2015-10-19', '2015-10-21', '2015-10-23'),
(2449, 7, 9, '2015-10-23', '2015-10-24', '2015-10-25'),
(2450, 3, 9, '2015-10-25', '2015-10-28', '2015-10-31'),
(2451, 10, 9, '2015-10-31', '2015-11-03', '2015-11-06'),
(2452, 10, 9, '2015-11-06', '2015-11-09', '2015-11-12'),
(2453, 3, 9, '2015-11-12', '2015-11-15', '2015-11-18'),
(2454, 5, 9, '2015-11-18', '2015-11-20', '2015-11-22'),
(2455, 10, 9, '2015-11-22', '2015-11-25', '2015-11-28'),
(2456, 10, 9, '2015-11-28', '2015-12-01', '2015-12-04'),
(2457, 1, 9, '2015-12-04', '2015-12-05', '2015-12-06'),
(2458, 5, 9, '2015-12-06', '2015-12-08', '2015-12-10'),
(2459, 5, 9, '2015-12-10', '2015-12-12', '2015-12-14'),
(2460, 9, 9, '2015-12-14', '2015-12-15', '2015-12-16'),
(2461, 9, 9, '2015-12-16', '2015-12-17', '2015-12-18'),
(2462, 10, 9, '2015-12-18', '2015-12-21', '2015-12-24'),
(2463, 1, 9, '2015-12-24', '2015-12-25', '2015-12-26'),
(2464, 7, 9, '2015-12-26', '2015-12-27', '2015-12-28'),
(2465, 10, 9, '2015-12-28', '2015-12-31', '2016-01-03'),
(2466, 5, 9, '2016-01-03', '2016-01-05', '2016-01-07'),
(2467, 2, 9, '2016-01-07', '2016-01-09', '2016-01-11'),
(2468, 10, 9, '2016-01-11', '2016-01-14', '2016-01-17'),
(2469, 4, 9, '2016-01-17', '2016-01-18', '2016-01-19'),
(2470, 5, 9, '2016-01-19', '2016-01-21', '2016-01-23'),
(2471, 8, 9, '2016-01-23', '2016-01-25', '2016-01-27'),
(2472, 9, 9, '2016-01-27', '2016-01-28', '2016-01-29'),
(2473, 2, 9, '2016-01-29', '2016-01-31', '2016-02-02'),
(2474, 5, 9, '2016-02-02', '2016-02-04', '2016-02-06'),
(2475, 5, 9, '2016-02-06', '2016-02-08', '2016-02-10'),
(2476, 9, 9, '2016-02-10', '2016-02-11', '2016-02-12'),
(2477, 3, 9, '2016-02-12', '2016-02-15', '2016-02-18'),
(2478, 5, 9, '2016-02-18', '2016-02-20', '2016-02-22'),
(2479, 3, 9, '2016-02-22', '2016-02-25', '2016-02-28'),
(2480, 10, 9, '2016-02-28', '2016-03-02', '2016-03-05'),
(2481, 3, 9, '2016-03-05', '2016-03-08', '2016-03-11'),
(2482, 5, 9, '2016-03-11', '2016-03-13', '2016-03-15'),
(2483, 8, 9, '2016-03-15', '2016-03-17', '2016-03-19'),
(2484, 3, 9, '2016-03-19', '2016-03-22', '2016-03-25'),
(2485, 5, 9, '2016-03-25', '2016-03-27', '2016-03-29'),
(2486, 2, 9, '2016-03-29', '2016-03-31', '2016-04-02'),
(2487, 2, 9, '2016-04-02', '2016-04-04', '2016-04-06'),
(2488, 9, 9, '2016-04-06', '2016-04-07', '2016-04-08'),
(2489, 8, 9, '2016-04-08', '2016-04-10', '2016-04-12'),
(2490, 8, 9, '2016-04-12', '2016-04-14', '2016-04-16'),
(2491, 1, 9, '2016-04-16', '2016-04-17', '2016-04-18'),
(2492, 9, 9, '2016-04-18', '2016-04-19', '2016-04-20'),
(2493, 3, 9, '2016-04-20', '2016-04-23', '2016-04-26'),
(2494, 4, 9, '2016-04-26', '2016-04-27', '2016-04-28'),
(2495, 9, 9, '2016-04-28', '2016-04-29', '2016-04-30'),
(2496, 1, 9, '2016-04-30', '2016-05-01', '2016-05-02'),
(2497, 2, 9, '2016-05-02', '2016-05-04', '2016-05-06'),
(2498, 8, 9, '2016-05-06', '2016-05-08', '2016-05-10'),
(2499, 8, 9, '2016-05-10', '2016-05-12', '2016-05-14'),
(2500, 7, 9, '2016-05-14', '2016-05-15', '2016-05-16'),
(2501, 3, 9, '2016-05-16', '2016-05-19', '2016-05-22'),
(2502, 9, 9, '2016-05-22', '2016-05-23', '2016-05-24'),
(2503, 10, 9, '2016-05-24', '2016-05-27', '2016-05-30'),
(2504, 7, 9, '2016-05-30', '2016-05-31', '2016-06-01'),
(2505, 6, 9, '2016-06-01', '2016-06-04', '2016-06-07'),
(2506, 10, 9, '2016-06-07', '2016-06-10', '2016-06-13'),
(2507, 1, 9, '2016-06-13', '2016-06-14', '2016-06-15'),
(2508, 9, 9, '2016-06-15', '2016-06-16', '2016-06-17'),
(2509, 2, 9, '2016-06-17', '2016-06-19', '2016-06-21'),
(2510, 1, 9, '2016-06-21', '2016-06-22', '2016-06-23'),
(2511, 10, 9, '2016-06-23', '2016-06-26', '2016-06-29'),
(2512, 5, 9, '2016-06-29', '2016-07-01', '2016-07-03'),
(2513, 2, 9, '2016-07-03', '2016-07-05', '2016-07-07'),
(2514, 5, 9, '2016-07-07', '2016-07-09', '2016-07-11'),
(2515, 9, 9, '2016-07-11', '2016-07-12', '2016-07-13'),
(2516, 5, 9, '2016-07-13', '2016-07-15', '2016-07-17'),
(2517, 9, 9, '2016-07-17', '2016-07-18', '2016-07-19'),
(2518, 4, 9, '2016-07-19', '2016-07-20', '2016-07-21'),
(2519, 3, 9, '2016-07-21', '2016-07-24', '2016-07-27'),
(2520, 8, 9, '2016-07-27', '2016-07-29', '2016-07-31'),
(2521, 1, 9, '2016-07-31', '2016-08-01', '2016-08-02'),
(2522, 2, 9, '2016-08-02', '2016-08-04', '2016-08-06'),
(2523, 2, 9, '2016-08-06', '2016-08-08', '2016-08-10'),
(2524, 1, 9, '2016-08-10', '2016-08-11', '2016-08-12'),
(2525, 4, 9, '2016-08-12', '2016-08-13', '2016-08-14'),
(2526, 10, 9, '2016-08-14', '2016-08-17', '2016-08-20'),
(2527, 2, 9, '2016-08-20', '2016-08-22', '2016-08-24'),
(2528, 8, 9, '2016-08-24', '2016-08-26', '2016-08-28'),
(2529, 6, 9, '2016-08-28', '2016-08-31', '2016-09-03'),
(2530, 9, 9, '2016-09-03', '2016-09-04', '2016-09-05'),
(2531, 4, 9, '2016-09-05', '2016-09-06', '2016-09-07'),
(2532, 8, 9, '2016-09-07', '2016-09-09', '2016-09-11'),
(2533, 2, 9, '2016-09-11', '2016-09-13', '2016-09-15'),
(2534, 10, 9, '2016-09-15', '2016-09-18', '2016-09-21'),
(2535, 5, 9, '2016-09-21', '2016-09-23', '2016-09-25'),
(2536, 1, 9, '2016-09-25', '2016-09-26', '2016-09-27'),
(2537, 6, 9, '2016-09-27', '2016-09-30', '2016-10-03'),
(2538, 3, 9, '2016-10-03', '2016-10-06', '2016-10-09'),
(2539, 3, 9, '2016-10-09', '2016-10-12', '2016-10-15'),
(2540, 9, 9, '2016-10-15', '2016-10-16', '2016-10-17'),
(2541, 2, 9, '2016-10-17', '2016-10-19', '2016-10-21'),
(2542, 7, 9, '2016-10-21', '2016-10-22', '2016-10-23'),
(2543, 5, 9, '2016-10-23', '2016-10-25', '2016-10-27'),
(2544, 9, 9, '2016-10-27', '2016-10-28', '2016-10-29'),
(2545, 3, 9, '2016-10-29', '2016-11-01', '2016-11-04'),
(2546, 4, 9, '2016-11-04', '2016-11-05', '2016-11-06'),
(2547, 6, 9, '2016-11-06', '2016-11-09', '2016-11-12'),
(2548, 6, 9, '2016-11-12', '2016-11-15', '2016-11-18'),
(2549, 6, 9, '2016-11-18', '2016-11-21', '2016-11-24'),
(2550, 4, 9, '2016-11-24', '2016-11-25', '2016-11-26'),
(2551, 6, 9, '2016-11-26', '2016-11-29', '2016-12-02'),
(2552, 4, 9, '2016-12-02', '2016-12-03', '2016-12-04'),
(2553, 5, 9, '2016-12-04', '2016-12-06', '2016-12-08'),
(2554, 8, 9, '2016-12-08', '2016-12-10', '2016-12-12'),
(2555, 4, 9, '2016-12-12', '2016-12-13', '2016-12-14'),
(2556, 1, 9, '2016-12-14', '2016-12-15', '2016-12-16'),
(2557, 3, 9, '2016-12-16', '2016-12-19', '2016-12-22'),
(2558, 5, 9, '2016-12-22', '2016-12-24', '2016-12-26'),
(2559, 8, 9, '2016-12-26', '2016-12-28', '2016-12-30'),
(2560, 8, 9, '2016-12-30', '2017-01-01', '2017-01-03'),
(2561, 1, 9, '2017-01-03', '2017-01-04', '2017-01-05'),
(2562, 8, 9, '2017-01-05', '2017-01-07', '2017-01-09'),
(2563, 1, 9, '2017-01-09', '2017-01-10', '2017-01-11'),
(2564, 1, 9, '2017-01-11', '2017-01-12', '2017-01-13'),
(2565, 5, 9, '2017-01-13', '2017-01-15', '2017-01-17'),
(2566, 8, 9, '2017-01-17', '2017-01-19', '2017-01-21'),
(2567, 2, 9, '2017-01-21', '2017-01-23', '2017-01-25'),
(2568, 9, 9, '2017-01-25', '2017-01-26', '2017-01-27'),
(2569, 4, 9, '2017-01-27', '2017-01-28', '2017-01-29'),
(2570, 1, 9, '2017-01-29', '2017-01-30', '2017-01-31'),
(2571, 1, 9, '2017-01-31', '2017-02-01', '2017-02-02'),
(2572, 4, 9, '2017-02-02', '2017-02-03', '2017-02-04'),
(2573, 1, 9, '2017-02-04', '2017-02-05', '2017-02-06'),
(2574, 2, 9, '2017-02-06', '2017-02-08', '2017-02-10'),
(2575, 8, 9, '2017-02-10', '2017-02-12', '2017-02-14'),
(2576, 5, 9, '2017-02-14', '2017-02-16', '2017-02-18'),
(2577, 8, 9, '2017-02-18', '2017-02-20', '2017-02-22'),
(2578, 4, 9, '2017-02-22', '2017-02-23', '2017-02-24'),
(2579, 1, 9, '2017-02-24', '2017-02-25', '2017-02-26'),
(2580, 5, 9, '2017-02-26', '2017-02-28', '2017-03-02'),
(2581, 3, 9, '2017-03-02', '2017-03-05', '2017-03-08'),
(2582, 4, 9, '2017-03-08', '2017-03-09', '2017-03-10'),
(2583, 8, 9, '2017-03-10', '2017-03-12', '2017-03-14'),
(2584, 3, 9, '2017-03-14', '2017-03-17', '2017-03-20'),
(2585, 5, 9, '2017-03-20', '2017-03-22', '2017-03-24'),
(2586, 10, 9, '2017-03-24', '2017-03-27', '2017-03-30'),
(2587, 4, 9, '2017-03-30', '2017-03-31', '2017-04-01'),
(2588, 9, 9, '2017-04-01', '2017-04-02', '2017-04-03'),
(2589, 10, 9, '2017-04-03', '2017-04-06', '2017-04-09'),
(2590, 3, 9, '2017-04-09', '2017-04-12', '2017-04-15'),
(2591, 9, 9, '2017-04-15', '2017-04-16', '2017-04-17'),
(2592, 6, 9, '2017-04-17', '2017-04-20', '2017-04-23'),
(2593, 2, 9, '2017-04-23', '2017-04-25', '2017-04-27'),
(2594, 1, 9, '2017-04-27', '2017-04-28', '2017-04-29'),
(2595, 5, 9, '2017-04-29', '2017-05-01', '2017-05-03'),
(2596, 10, 9, '2017-05-03', '2017-05-06', '2017-05-09'),
(2597, 5, 9, '2017-05-09', '2017-05-11', '2017-05-13'),
(2598, 10, 9, '2017-05-13', '2017-05-16', '2017-05-19'),
(2599, 9, 9, '2017-05-19', '2017-05-20', '2017-05-21'),
(2600, 1, 9, '2017-05-21', '2017-05-22', '2017-05-23'),
(2601, 10, 9, '2017-05-23', '2017-05-26', '2017-05-29'),
(2602, 8, 9, '2017-05-29', '2017-05-31', '2017-06-02'),
(2603, 9, 9, '2017-06-02', '2017-06-03', '2017-06-04'),
(2604, 8, 9, '2017-06-04', '2017-06-06', '2017-06-08'),
(2605, 7, 9, '2017-06-08', '2017-06-09', '2017-06-10'),
(2606, 2, 9, '2017-06-10', '2017-06-12', '2017-06-14'),
(2607, 9, 9, '2017-06-14', '2017-06-15', '2017-06-16'),
(2608, 9, 9, '2017-06-16', '2017-06-17', '2017-06-18'),
(2609, 10, 9, '2017-06-18', '2017-06-21', '2017-06-24'),
(2610, 6, 9, '2017-06-24', '2017-06-27', '2017-06-30'),
(2611, 9, 9, '2017-06-30', '2017-07-01', '2017-07-02'),
(2612, 10, 9, '2017-07-02', '2017-07-05', '2017-07-08'),
(2613, 3, 9, '2017-07-08', '2017-07-11', '2017-07-14'),
(2614, 8, 9, '2017-07-14', '2017-07-16', '2017-07-18'),
(2615, 8, 9, '2017-07-18', '2017-07-20', '2017-07-22'),
(2616, 9, 9, '2017-07-22', '2017-07-23', '2017-07-24'),
(2617, 3, 9, '2017-07-24', '2017-07-27', '2017-07-30'),
(2618, 6, 9, '2017-07-30', '2017-08-02', '2017-08-05'),
(2619, 2, 9, '2017-08-05', '2017-08-07', '2017-08-09'),
(2620, 6, 9, '2017-08-09', '2017-08-12', '2017-08-15'),
(2621, 8, 9, '2017-08-15', '2017-08-17', '2017-08-19'),
(2622, 7, 9, '2017-08-19', '2017-08-20', '2017-08-21'),
(2623, 5, 9, '2017-08-21', '2017-08-23', '2017-08-25'),
(2624, 9, 9, '2017-08-25', '2017-08-26', '2017-08-27'),
(2625, 10, 9, '2017-08-27', '2017-08-30', '2017-09-02'),
(2626, 1, 9, '2017-09-02', '2017-09-03', '2017-09-04'),
(2627, 7, 9, '2017-09-04', '2017-09-05', '2017-09-06'),
(2628, 8, 9, '2017-09-06', '2017-09-08', '2017-09-10'),
(2629, 9, 9, '2017-09-10', '2017-09-11', '2017-09-12'),
(2630, 8, 9, '2017-09-12', '2017-09-14', '2017-09-16'),
(2631, 6, 9, '2017-09-16', '2017-09-19', '2017-09-22'),
(2632, 8, 9, '2017-09-22', '2017-09-24', '2017-09-26'),
(2633, 2, 9, '2017-09-26', '2017-09-28', '2017-09-30'),
(2634, 7, 9, '2017-09-30', '2017-10-01', '2017-10-02'),
(2635, 5, 9, '2017-10-02', '2017-10-04', '2017-10-06'),
(2636, 7, 9, '2017-10-06', '2017-10-07', '2017-10-08'),
(2637, 10, 9, '2017-10-08', '2017-10-11', '2017-10-14'),
(2638, 10, 9, '2017-10-14', '2017-10-17', '2017-10-20'),
(2639, 10, 9, '2017-10-20', '2017-10-23', '2017-10-26'),
(2640, 3, 9, '2017-10-26', '2017-10-29', '2017-11-01'),
(2641, 4, 9, '2017-11-01', '2017-11-02', '2017-11-03'),
(2642, 4, 9, '2017-11-03', '2017-11-04', '2017-11-05'),
(2643, 2, 9, '2017-11-05', '2017-11-07', '2017-11-09'),
(2644, 5, 9, '2017-11-09', '2017-11-11', '2017-11-13'),
(2645, 1, 9, '2017-11-13', '2017-11-14', '2017-11-15'),
(2646, 7, 9, '2017-11-15', '2017-11-16', '2017-11-17'),
(2647, 4, 9, '2017-11-17', '2017-11-18', '2017-11-19'),
(2648, 1, 9, '2017-11-19', '2017-11-20', '2017-11-21'),
(2649, 7, 9, '2017-11-21', '2017-11-22', '2017-11-23'),
(2650, 10, 9, '2017-11-23', '2017-11-26', '2017-11-29'),
(2651, 5, 9, '2017-11-29', '2017-12-01', '2017-12-03'),
(2652, 7, 9, '2017-12-03', '2017-12-04', '2017-12-05'),
(2653, 7, 9, '2017-12-05', '2017-12-06', '2017-12-07'),
(2654, 5, 9, '2017-12-07', '2017-12-09', '2017-12-11'),
(2655, 7, 9, '2017-12-11', '2017-12-12', '2017-12-13'),
(2656, 7, 9, '2017-12-13', '2017-12-14', '2017-12-15'),
(2657, 10, 9, '2017-12-15', '2017-12-18', '2017-12-21'),
(2658, 4, 9, '2017-12-21', '2017-12-22', '2017-12-23'),
(2659, 5, 9, '2017-12-23', '2017-12-25', '2017-12-27'),
(2660, 3, 9, '2017-12-27', '2017-12-30', '2018-01-02'),
(2661, 5, 9, '2018-01-02', '2018-01-04', '2018-01-06'),
(2662, 1, 9, '2018-01-06', '2018-01-07', '2018-01-08'),
(2663, 1, 9, '2018-01-08', '2018-01-09', '2018-01-10'),
(2664, 5, 9, '2018-01-10', '2018-01-12', '2018-01-14'),
(2665, 4, 9, '2018-01-14', '2018-01-15', '2018-01-16'),
(2666, 4, 9, '2018-01-16', '2018-01-17', '2018-01-18'),
(2667, 1, 9, '2018-01-18', '2018-01-19', '2018-01-20'),
(2668, 1, 9, '2018-01-20', '2018-01-21', '2018-01-22'),
(2669, 10, 9, '2018-01-22', '2018-01-25', '2018-01-28'),
(2670, 2, 9, '2018-01-28', '2018-01-30', '2018-02-01'),
(2671, 10, 9, '2018-02-01', '2018-02-04', '2018-02-07'),
(2672, 5, 9, '2018-02-07', '2018-02-09', '2018-02-11'),
(2673, 8, 9, '2018-02-11', '2018-02-13', '2018-02-15'),
(2674, 1, 9, '2018-02-15', '2018-02-16', '2018-02-17'),
(2675, 5, 9, '2018-02-17', '2018-02-19', '2018-02-21'),
(2676, 9, 9, '2018-02-21', '2018-02-22', '2018-02-23'),
(2677, 3, 9, '2018-02-23', '2018-02-26', '2018-03-01'),
(2678, 1, 9, '2018-03-01', '2018-03-02', '2018-03-03'),
(2679, 3, 9, '2018-03-03', '2018-03-06', '2018-03-09'),
(2680, 8, 9, '2018-03-09', '2018-03-11', '2018-03-13'),
(2681, 8, 9, '2018-03-13', '2018-03-15', '2018-03-17'),
(2682, 9, 9, '2018-03-17', '2018-03-18', '2018-03-19'),
(2683, 7, 9, '2018-03-19', '2018-03-20', '2018-03-21'),
(2684, 9, 9, '2018-03-21', '2018-03-22', '2018-03-23'),
(2685, 10, 9, '2018-03-23', '2018-03-26', '2018-03-29'),
(2686, 9, 9, '2018-03-29', '2018-03-30', '2018-03-31'),
(2687, 10, 9, '2018-03-31', '2018-04-03', '2018-04-06'),
(2688, 1, 9, '2018-04-06', '2018-04-07', '2018-04-08'),
(2689, 6, 9, '2018-04-08', '2018-04-11', '2018-04-14'),
(2690, 1, 9, '2018-04-14', '2018-04-15', '2018-04-16'),
(2691, 3, 9, '2018-04-16', '2018-04-19', '2018-04-22'),
(2692, 5, 9, '2018-04-22', '2018-04-24', '2018-04-26'),
(2693, 10, 9, '2018-04-26', '2018-04-29', '2018-05-02'),
(2694, 5, 9, '2018-05-02', '2018-05-04', '2018-05-06'),
(2695, 1, 9, '2018-05-06', '2018-05-07', '2018-05-08'),
(2696, 10, 9, '2018-05-08', '2018-05-11', '2018-05-14'),
(2697, 6, 9, '2018-05-14', '2018-05-17', '2018-05-20'),
(2698, 6, 9, '2018-05-20', '2018-05-23', '2018-05-26'),
(2699, 3, 9, '2018-05-26', '2018-05-29', '2018-06-01'),
(2700, 3, 9, '2018-06-01', '2018-06-04', '2018-06-07'),
(2701, 4, 9, '2018-06-07', '2018-06-08', '2018-06-09'),
(2702, 3, 9, '2018-06-09', '2018-06-12', '2018-06-15'),
(2703, 7, 9, '2018-06-15', '2018-06-16', '2018-06-17'),
(2704, 3, 9, '2018-06-17', '2018-06-20', '2018-06-23'),
(2705, 7, 9, '2018-06-23', '2018-06-24', '2018-06-25'),
(2706, 8, 9, '2018-06-25', '2018-06-27', '2018-06-29'),
(2707, 2, 9, '2018-06-29', '2018-07-01', '2018-07-03'),
(2708, 1, 9, '2018-07-03', '2018-07-04', '2018-07-05'),
(2709, 4, 9, '2018-07-05', '2018-07-06', '2018-07-07'),
(2710, 4, 9, '2018-07-07', '2018-07-08', '2018-07-09'),
(2711, 9, 9, '2018-07-09', '2018-07-10', '2018-07-11'),
(2712, 10, 9, '2018-07-11', '2018-07-14', '2018-07-17'),
(2713, 5, 9, '2018-07-17', '2018-07-19', '2018-07-21'),
(2714, 4, 9, '2018-07-21', '2018-07-22', '2018-07-23'),
(2715, 8, 9, '2018-07-23', '2018-07-25', '2018-07-27'),
(2716, 9, 9, '2018-07-27', '2018-07-28', '2018-07-29'),
(2717, 8, 9, '2018-07-29', '2018-07-31', '2018-08-02'),
(2718, 10, 9, '2018-08-02', '2018-08-05', '2018-08-08'),
(2719, 7, 9, '2018-08-08', '2018-08-09', '2018-08-10'),
(2720, 6, 9, '2018-08-10', '2018-08-13', '2018-08-16'),
(2721, 5, 10, '2015-06-01', '2015-06-03', '2015-06-05'),
(2722, 5, 10, '2015-06-05', '2015-06-07', '2015-06-09'),
(2723, 5, 10, '2015-06-09', '2015-06-11', '2015-06-13'),
(2724, 1, 10, '2015-06-13', '2015-06-14', '2015-06-15'),
(2725, 7, 10, '2015-06-15', '2015-06-16', '2015-06-17'),
(2726, 5, 10, '2015-06-17', '2015-06-19', '2015-06-21'),
(2727, 2, 10, '2015-06-21', '2015-06-23', '2015-06-25'),
(2728, 8, 10, '2015-06-25', '2015-06-27', '2015-06-29'),
(2729, 5, 10, '2015-06-29', '2015-07-01', '2015-07-03'),
(2730, 3, 10, '2015-07-03', '2015-07-06', '2015-07-09'),
(2731, 9, 10, '2015-07-09', '2015-07-10', '2015-07-11'),
(2732, 5, 10, '2015-07-11', '2015-07-13', '2015-07-15'),
(2733, 5, 10, '2015-07-15', '2015-07-17', '2015-07-19'),
(2734, 5, 10, '2015-07-19', '2015-07-21', '2015-07-23'),
(2735, 4, 10, '2015-07-23', '2015-07-24', '2015-07-25'),
(2736, 6, 10, '2015-07-25', '2015-07-28', '2015-07-31'),
(2737, 9, 10, '2015-07-31', '2015-08-01', '2015-08-02'),
(2738, 6, 10, '2015-08-02', '2015-08-05', '2015-08-08'),
(2739, 5, 10, '2015-08-08', '2015-08-10', '2015-08-12'),
(2740, 10, 10, '2015-08-12', '2015-08-15', '2015-08-18'),
(2741, 1, 10, '2015-08-18', '2015-08-19', '2015-08-20'),
(2742, 6, 10, '2015-08-20', '2015-08-23', '2015-08-26'),
(2743, 10, 10, '2015-08-26', '2015-08-29', '2015-09-01'),
(2744, 2, 10, '2015-09-01', '2015-09-03', '2015-09-05'),
(2745, 7, 10, '2015-09-05', '2015-09-06', '2015-09-07'),
(2746, 6, 10, '2015-09-07', '2015-09-10', '2015-09-13'),
(2747, 2, 10, '2015-09-13', '2015-09-15', '2015-09-17'),
(2748, 1, 10, '2015-09-17', '2015-09-18', '2015-09-19'),
(2749, 10, 10, '2015-09-19', '2015-09-22', '2015-09-25'),
(2750, 1, 10, '2015-09-25', '2015-09-26', '2015-09-27'),
(2751, 10, 10, '2015-09-27', '2015-09-30', '2015-10-03'),
(2752, 5, 10, '2015-10-03', '2015-10-05', '2015-10-07'),
(2753, 8, 10, '2015-10-07', '2015-10-09', '2015-10-11'),
(2754, 7, 10, '2015-10-11', '2015-10-12', '2015-10-13'),
(2755, 6, 10, '2015-10-13', '2015-10-16', '2015-10-19'),
(2756, 8, 10, '2015-10-19', '2015-10-21', '2015-10-23'),
(2757, 1, 10, '2015-10-23', '2015-10-24', '2015-10-25'),
(2758, 6, 10, '2015-10-25', '2015-10-28', '2015-10-31'),
(2759, 3, 10, '2015-10-31', '2015-11-03', '2015-11-06'),
(2760, 4, 10, '2015-11-06', '2015-11-07', '2015-11-08'),
(2761, 10, 10, '2015-11-08', '2015-11-11', '2015-11-14'),
(2762, 10, 10, '2015-11-14', '2015-11-17', '2015-11-20'),
(2763, 8, 10, '2015-11-20', '2015-11-22', '2015-11-24'),
(2764, 5, 10, '2015-11-24', '2015-11-26', '2015-11-28'),
(2765, 1, 10, '2015-11-28', '2015-11-29', '2015-11-30'),
(2766, 1, 10, '2015-11-30', '2015-12-01', '2015-12-02'),
(2767, 3, 10, '2015-12-02', '2015-12-05', '2015-12-08'),
(2768, 3, 10, '2015-12-08', '2015-12-11', '2015-12-14'),
(2769, 3, 10, '2015-12-14', '2015-12-17', '2015-12-20'),
(2770, 3, 10, '2015-12-20', '2015-12-23', '2015-12-26'),
(2771, 2, 10, '2015-12-26', '2015-12-28', '2015-12-30'),
(2772, 10, 10, '2015-12-30', '2016-01-02', '2016-01-05'),
(2773, 9, 10, '2016-01-05', '2016-01-06', '2016-01-07'),
(2774, 5, 10, '2016-01-07', '2016-01-09', '2016-01-11'),
(2775, 1, 10, '2016-01-11', '2016-01-12', '2016-01-13'),
(2776, 4, 10, '2016-01-13', '2016-01-14', '2016-01-15'),
(2777, 8, 10, '2016-01-15', '2016-01-17', '2016-01-19'),
(2778, 8, 10, '2016-01-19', '2016-01-21', '2016-01-23'),
(2779, 10, 10, '2016-01-23', '2016-01-26', '2016-01-29'),
(2780, 3, 10, '2016-01-29', '2016-02-01', '2016-02-04'),
(2781, 7, 10, '2016-02-04', '2016-02-05', '2016-02-06'),
(2782, 7, 10, '2016-02-06', '2016-02-07', '2016-02-08'),
(2783, 8, 10, '2016-02-08', '2016-02-10', '2016-02-12'),
(2784, 5, 10, '2016-02-12', '2016-02-14', '2016-02-16');
INSERT INTO `route` (`id`, `region_id`, `courier_id`, `start_date`, `arrival_date`, `back_date`) VALUES
(2785, 7, 10, '2016-02-16', '2016-02-17', '2016-02-18'),
(2786, 5, 10, '2016-02-18', '2016-02-20', '2016-02-22'),
(2787, 10, 10, '2016-02-22', '2016-02-25', '2016-02-28'),
(2788, 1, 10, '2016-02-28', '2016-02-29', '2016-03-01'),
(2789, 5, 10, '2016-03-01', '2016-03-03', '2016-03-05'),
(2790, 6, 10, '2016-03-05', '2016-03-08', '2016-03-11'),
(2791, 3, 10, '2016-03-11', '2016-03-14', '2016-03-17'),
(2792, 2, 10, '2016-03-17', '2016-03-19', '2016-03-21'),
(2793, 1, 10, '2016-03-21', '2016-03-22', '2016-03-23'),
(2794, 3, 10, '2016-03-23', '2016-03-26', '2016-03-29'),
(2795, 10, 10, '2016-03-29', '2016-04-01', '2016-04-04'),
(2796, 7, 10, '2016-04-04', '2016-04-05', '2016-04-06'),
(2797, 9, 10, '2016-04-06', '2016-04-07', '2016-04-08'),
(2798, 10, 10, '2016-04-08', '2016-04-11', '2016-04-14'),
(2799, 3, 10, '2016-04-14', '2016-04-17', '2016-04-20'),
(2800, 3, 10, '2016-04-20', '2016-04-23', '2016-04-26'),
(2801, 4, 10, '2016-04-26', '2016-04-27', '2016-04-28'),
(2802, 9, 10, '2016-04-28', '2016-04-29', '2016-04-30'),
(2803, 3, 10, '2016-04-30', '2016-05-03', '2016-05-06'),
(2804, 9, 10, '2016-05-06', '2016-05-07', '2016-05-08'),
(2805, 2, 10, '2016-05-08', '2016-05-10', '2016-05-12'),
(2806, 6, 10, '2016-05-12', '2016-05-15', '2016-05-18'),
(2807, 10, 10, '2016-05-18', '2016-05-21', '2016-05-24'),
(2808, 5, 10, '2016-05-24', '2016-05-26', '2016-05-28'),
(2809, 3, 10, '2016-05-28', '2016-05-31', '2016-06-03'),
(2810, 1, 10, '2016-06-03', '2016-06-04', '2016-06-05'),
(2811, 5, 10, '2016-06-05', '2016-06-07', '2016-06-09'),
(2812, 8, 10, '2016-06-09', '2016-06-11', '2016-06-13'),
(2813, 9, 10, '2016-06-13', '2016-06-14', '2016-06-15'),
(2814, 2, 10, '2016-06-15', '2016-06-17', '2016-06-19'),
(2815, 2, 10, '2016-06-19', '2016-06-21', '2016-06-23'),
(2816, 9, 10, '2016-06-23', '2016-06-24', '2016-06-25'),
(2817, 8, 10, '2016-06-25', '2016-06-27', '2016-06-29'),
(2818, 5, 10, '2016-06-29', '2016-07-01', '2016-07-03'),
(2819, 9, 10, '2016-07-03', '2016-07-04', '2016-07-05'),
(2820, 10, 10, '2016-07-05', '2016-07-08', '2016-07-11'),
(2821, 5, 10, '2016-07-11', '2016-07-13', '2016-07-15'),
(2822, 7, 10, '2016-07-15', '2016-07-16', '2016-07-17'),
(2823, 5, 10, '2016-07-17', '2016-07-19', '2016-07-21'),
(2824, 4, 10, '2016-07-21', '2016-07-22', '2016-07-23'),
(2825, 1, 10, '2016-07-23', '2016-07-24', '2016-07-25'),
(2826, 5, 10, '2016-07-25', '2016-07-27', '2016-07-29'),
(2827, 9, 10, '2016-07-29', '2016-07-30', '2016-07-31'),
(2828, 4, 10, '2016-07-31', '2016-08-01', '2016-08-02'),
(2829, 2, 10, '2016-08-02', '2016-08-04', '2016-08-06'),
(2830, 7, 10, '2016-08-06', '2016-08-07', '2016-08-08'),
(2831, 9, 10, '2016-08-08', '2016-08-09', '2016-08-10'),
(2832, 9, 10, '2016-08-10', '2016-08-11', '2016-08-12'),
(2833, 10, 10, '2016-08-12', '2016-08-15', '2016-08-18'),
(2834, 4, 10, '2016-08-18', '2016-08-19', '2016-08-20'),
(2835, 5, 10, '2016-08-20', '2016-08-22', '2016-08-24'),
(2836, 2, 10, '2016-08-24', '2016-08-26', '2016-08-28'),
(2837, 9, 10, '2016-08-28', '2016-08-29', '2016-08-30'),
(2838, 5, 10, '2016-08-30', '2016-09-01', '2016-09-03'),
(2839, 1, 10, '2016-09-03', '2016-09-04', '2016-09-05'),
(2840, 9, 10, '2016-09-05', '2016-09-06', '2016-09-07'),
(2841, 2, 10, '2016-09-07', '2016-09-09', '2016-09-11'),
(2842, 4, 10, '2016-09-11', '2016-09-12', '2016-09-13'),
(2843, 6, 10, '2016-09-13', '2016-09-16', '2016-09-19'),
(2844, 10, 10, '2016-09-19', '2016-09-22', '2016-09-25'),
(2845, 10, 10, '2016-09-25', '2016-09-28', '2016-10-01'),
(2846, 7, 10, '2016-10-01', '2016-10-02', '2016-10-03'),
(2847, 10, 10, '2016-10-03', '2016-10-06', '2016-10-09'),
(2848, 10, 10, '2016-10-09', '2016-10-12', '2016-10-15'),
(2849, 7, 10, '2016-10-15', '2016-10-16', '2016-10-17'),
(2850, 7, 10, '2016-10-17', '2016-10-18', '2016-10-19'),
(2851, 6, 10, '2016-10-19', '2016-10-22', '2016-10-25'),
(2852, 5, 10, '2016-10-25', '2016-10-27', '2016-10-29'),
(2853, 5, 10, '2016-10-29', '2016-10-31', '2016-11-02'),
(2854, 7, 10, '2016-11-02', '2016-11-03', '2016-11-04'),
(2855, 3, 10, '2016-11-04', '2016-11-07', '2016-11-10'),
(2856, 8, 10, '2016-11-10', '2016-11-12', '2016-11-14'),
(2857, 5, 10, '2016-11-14', '2016-11-16', '2016-11-18'),
(2858, 4, 10, '2016-11-18', '2016-11-19', '2016-11-20'),
(2859, 6, 10, '2016-11-20', '2016-11-23', '2016-11-26'),
(2860, 1, 10, '2016-11-26', '2016-11-27', '2016-11-28'),
(2861, 5, 10, '2016-11-28', '2016-11-30', '2016-12-02'),
(2862, 10, 10, '2016-12-02', '2016-12-05', '2016-12-08'),
(2863, 7, 10, '2016-12-08', '2016-12-09', '2016-12-10'),
(2864, 5, 10, '2016-12-10', '2016-12-12', '2016-12-14'),
(2865, 4, 10, '2016-12-14', '2016-12-15', '2016-12-16'),
(2866, 3, 10, '2016-12-16', '2016-12-19', '2016-12-22'),
(2867, 1, 10, '2016-12-22', '2016-12-23', '2016-12-24'),
(2868, 6, 10, '2016-12-24', '2016-12-27', '2016-12-30'),
(2869, 9, 10, '2016-12-30', '2016-12-31', '2017-01-01'),
(2870, 3, 10, '2017-01-01', '2017-01-04', '2017-01-07'),
(2871, 1, 10, '2017-01-07', '2017-01-08', '2017-01-09'),
(2872, 2, 10, '2017-01-09', '2017-01-11', '2017-01-13'),
(2873, 1, 10, '2017-01-13', '2017-01-14', '2017-01-15'),
(2874, 10, 10, '2017-01-15', '2017-01-18', '2017-01-21'),
(2875, 7, 10, '2017-01-21', '2017-01-22', '2017-01-23'),
(2876, 1, 10, '2017-01-23', '2017-01-24', '2017-01-25'),
(2877, 10, 10, '2017-01-25', '2017-01-28', '2017-01-31'),
(2878, 5, 10, '2017-01-31', '2017-02-02', '2017-02-04'),
(2879, 3, 10, '2017-02-04', '2017-02-07', '2017-02-10'),
(2880, 10, 10, '2017-02-10', '2017-02-13', '2017-02-16'),
(2881, 5, 10, '2017-02-16', '2017-02-18', '2017-02-20'),
(2882, 3, 10, '2017-02-20', '2017-02-23', '2017-02-26'),
(2883, 7, 10, '2017-02-26', '2017-02-27', '2017-02-28'),
(2884, 5, 10, '2017-02-28', '2017-03-02', '2017-03-04'),
(2885, 7, 10, '2017-03-04', '2017-03-05', '2017-03-06'),
(2886, 3, 10, '2017-03-06', '2017-03-09', '2017-03-12'),
(2887, 8, 10, '2017-03-12', '2017-03-14', '2017-03-16'),
(2888, 6, 10, '2017-03-16', '2017-03-19', '2017-03-22'),
(2889, 2, 10, '2017-03-22', '2017-03-24', '2017-03-26'),
(2890, 8, 10, '2017-03-26', '2017-03-28', '2017-03-30'),
(2891, 5, 10, '2017-03-30', '2017-04-01', '2017-04-03'),
(2892, 7, 10, '2017-04-03', '2017-04-04', '2017-04-05'),
(2893, 3, 10, '2017-04-05', '2017-04-08', '2017-04-11'),
(2894, 7, 10, '2017-04-11', '2017-04-12', '2017-04-13'),
(2895, 4, 10, '2017-04-13', '2017-04-14', '2017-04-15'),
(2896, 3, 10, '2017-04-15', '2017-04-18', '2017-04-21'),
(2897, 9, 10, '2017-04-21', '2017-04-22', '2017-04-23'),
(2898, 4, 10, '2017-04-23', '2017-04-24', '2017-04-25'),
(2899, 10, 10, '2017-04-25', '2017-04-28', '2017-05-01'),
(2900, 10, 10, '2017-05-01', '2017-05-04', '2017-05-07'),
(2901, 7, 10, '2017-05-07', '2017-05-08', '2017-05-09'),
(2902, 2, 10, '2017-05-09', '2017-05-11', '2017-05-13'),
(2903, 2, 10, '2017-05-13', '2017-05-15', '2017-05-17'),
(2904, 3, 10, '2017-05-17', '2017-05-20', '2017-05-23'),
(2905, 3, 10, '2017-05-23', '2017-05-26', '2017-05-29'),
(2906, 4, 10, '2017-05-29', '2017-05-30', '2017-05-31'),
(2907, 2, 10, '2017-05-31', '2017-06-02', '2017-06-04'),
(2908, 2, 10, '2017-06-04', '2017-06-06', '2017-06-08'),
(2909, 1, 10, '2017-06-08', '2017-06-09', '2017-06-10'),
(2910, 9, 10, '2017-06-10', '2017-06-11', '2017-06-12'),
(2911, 3, 10, '2017-06-12', '2017-06-15', '2017-06-18'),
(2912, 6, 10, '2017-06-18', '2017-06-21', '2017-06-24'),
(2913, 6, 10, '2017-06-24', '2017-06-27', '2017-06-30'),
(2914, 4, 10, '2017-06-30', '2017-07-01', '2017-07-02'),
(2915, 1, 10, '2017-07-02', '2017-07-03', '2017-07-04'),
(2916, 10, 10, '2017-07-04', '2017-07-07', '2017-07-10'),
(2917, 9, 10, '2017-07-10', '2017-07-11', '2017-07-12'),
(2918, 7, 10, '2017-07-12', '2017-07-13', '2017-07-14'),
(2919, 9, 10, '2017-07-14', '2017-07-15', '2017-07-16'),
(2920, 4, 10, '2017-07-16', '2017-07-17', '2017-07-18'),
(2921, 9, 10, '2017-07-18', '2017-07-19', '2017-07-20'),
(2922, 5, 10, '2017-07-20', '2017-07-22', '2017-07-24'),
(2923, 9, 10, '2017-07-24', '2017-07-25', '2017-07-26'),
(2924, 3, 10, '2017-07-26', '2017-07-29', '2017-08-01'),
(2925, 7, 10, '2017-08-01', '2017-08-02', '2017-08-03'),
(2926, 9, 10, '2017-08-03', '2017-08-04', '2017-08-05'),
(2927, 9, 10, '2017-08-05', '2017-08-06', '2017-08-07'),
(2928, 6, 10, '2017-08-07', '2017-08-10', '2017-08-13'),
(2929, 4, 10, '2017-08-13', '2017-08-14', '2017-08-15'),
(2930, 5, 10, '2017-08-15', '2017-08-17', '2017-08-19'),
(2931, 8, 10, '2017-08-19', '2017-08-21', '2017-08-23'),
(2932, 7, 10, '2017-08-23', '2017-08-24', '2017-08-25'),
(2933, 1, 10, '2017-08-25', '2017-08-26', '2017-08-27'),
(2934, 8, 10, '2017-08-27', '2017-08-29', '2017-08-31'),
(2935, 3, 10, '2017-08-31', '2017-09-03', '2017-09-06'),
(2936, 7, 10, '2017-09-06', '2017-09-07', '2017-09-08'),
(2937, 9, 10, '2017-09-08', '2017-09-09', '2017-09-10'),
(2938, 1, 10, '2017-09-10', '2017-09-11', '2017-09-12'),
(2939, 3, 10, '2017-09-12', '2017-09-15', '2017-09-18'),
(2940, 6, 10, '2017-09-18', '2017-09-21', '2017-09-24'),
(2941, 6, 10, '2017-09-24', '2017-09-27', '2017-09-30'),
(2942, 10, 10, '2017-09-30', '2017-10-03', '2017-10-06'),
(2943, 8, 10, '2017-10-06', '2017-10-08', '2017-10-10'),
(2944, 9, 10, '2017-10-10', '2017-10-11', '2017-10-12'),
(2945, 8, 10, '2017-10-12', '2017-10-14', '2017-10-16'),
(2946, 3, 10, '2017-10-16', '2017-10-19', '2017-10-22'),
(2947, 8, 10, '2017-10-22', '2017-10-24', '2017-10-26'),
(2948, 7, 10, '2017-10-26', '2017-10-27', '2017-10-28'),
(2949, 5, 10, '2017-10-28', '2017-10-30', '2017-11-01'),
(2950, 3, 10, '2017-11-01', '2017-11-04', '2017-11-07'),
(2951, 7, 10, '2017-11-07', '2017-11-08', '2017-11-09'),
(2952, 1, 10, '2017-11-09', '2017-11-10', '2017-11-11'),
(2953, 9, 10, '2017-11-11', '2017-11-12', '2017-11-13'),
(2954, 5, 10, '2017-11-13', '2017-11-15', '2017-11-17'),
(2955, 8, 10, '2017-11-17', '2017-11-19', '2017-11-21'),
(2956, 1, 10, '2017-11-21', '2017-11-22', '2017-11-23'),
(2957, 2, 10, '2017-11-23', '2017-11-25', '2017-11-27'),
(2958, 7, 10, '2017-11-27', '2017-11-28', '2017-11-29'),
(2959, 9, 10, '2017-11-29', '2017-11-30', '2017-12-01'),
(2960, 7, 10, '2017-12-01', '2017-12-02', '2017-12-03'),
(2961, 5, 10, '2017-12-03', '2017-12-05', '2017-12-07'),
(2962, 7, 10, '2017-12-07', '2017-12-08', '2017-12-09'),
(2963, 7, 10, '2017-12-09', '2017-12-10', '2017-12-11'),
(2964, 10, 10, '2017-12-11', '2017-12-14', '2017-12-17'),
(2965, 9, 10, '2017-12-17', '2017-12-18', '2017-12-19'),
(2966, 2, 10, '2017-12-19', '2017-12-21', '2017-12-23'),
(2967, 3, 10, '2017-12-23', '2017-12-26', '2017-12-29'),
(2968, 6, 10, '2017-12-29', '2018-01-01', '2018-01-04'),
(2969, 9, 10, '2018-01-04', '2018-01-05', '2018-01-06'),
(2970, 5, 10, '2018-01-06', '2018-01-08', '2018-01-10'),
(2971, 9, 10, '2018-01-10', '2018-01-11', '2018-01-12'),
(2972, 6, 10, '2018-01-12', '2018-01-15', '2018-01-18'),
(2973, 7, 10, '2018-01-18', '2018-01-19', '2018-01-20'),
(2974, 1, 10, '2018-01-20', '2018-01-21', '2018-01-22'),
(2975, 2, 10, '2018-01-22', '2018-01-24', '2018-01-26'),
(2976, 2, 10, '2018-01-26', '2018-01-28', '2018-01-30'),
(2977, 1, 10, '2018-01-30', '2018-01-31', '2018-02-01'),
(2978, 10, 10, '2018-02-01', '2018-02-04', '2018-02-07'),
(2979, 7, 10, '2018-02-07', '2018-02-08', '2018-02-09'),
(2980, 5, 10, '2018-02-09', '2018-02-11', '2018-02-13'),
(2981, 4, 10, '2018-02-13', '2018-02-14', '2018-02-15'),
(2982, 3, 10, '2018-02-15', '2018-02-18', '2018-02-21'),
(2983, 3, 10, '2018-02-21', '2018-02-24', '2018-02-27'),
(2984, 2, 10, '2018-02-27', '2018-03-01', '2018-03-03'),
(2985, 9, 10, '2018-03-03', '2018-03-04', '2018-03-05'),
(2986, 2, 10, '2018-03-05', '2018-03-07', '2018-03-09'),
(2987, 6, 10, '2018-03-09', '2018-03-12', '2018-03-15'),
(2988, 9, 10, '2018-03-15', '2018-03-16', '2018-03-17'),
(2989, 4, 10, '2018-03-17', '2018-03-18', '2018-03-19'),
(2990, 3, 10, '2018-03-19', '2018-03-22', '2018-03-25'),
(2991, 10, 10, '2018-03-25', '2018-03-28', '2018-03-31'),
(2992, 5, 10, '2018-03-31', '2018-04-02', '2018-04-04'),
(2993, 2, 10, '2018-04-04', '2018-04-06', '2018-04-08'),
(2994, 6, 10, '2018-04-08', '2018-04-11', '2018-04-14'),
(2995, 7, 10, '2018-04-14', '2018-04-15', '2018-04-16'),
(2996, 10, 10, '2018-04-16', '2018-04-19', '2018-04-22'),
(2997, 7, 10, '2018-04-22', '2018-04-23', '2018-04-24'),
(2998, 4, 10, '2018-04-24', '2018-04-25', '2018-04-26'),
(2999, 8, 10, '2018-04-26', '2018-04-28', '2018-04-30'),
(3000, 5, 10, '2018-04-30', '2018-05-02', '2018-05-04'),
(3001, 1, 10, '2018-05-04', '2018-05-05', '2018-05-06'),
(3002, 5, 10, '2018-05-06', '2018-05-08', '2018-05-10'),
(3003, 3, 10, '2018-05-10', '2018-05-13', '2018-05-16'),
(3004, 10, 10, '2018-05-16', '2018-05-19', '2018-05-22'),
(3005, 7, 10, '2018-05-22', '2018-05-23', '2018-05-24'),
(3006, 6, 10, '2018-05-24', '2018-05-27', '2018-05-30'),
(3007, 7, 10, '2018-05-30', '2018-05-31', '2018-06-01'),
(3008, 1, 10, '2018-06-01', '2018-06-02', '2018-06-03'),
(3009, 7, 10, '2018-06-03', '2018-06-04', '2018-06-05'),
(3010, 9, 10, '2018-06-05', '2018-06-06', '2018-06-07'),
(3011, 6, 10, '2018-06-07', '2018-06-10', '2018-06-13'),
(3012, 6, 10, '2018-06-13', '2018-06-16', '2018-06-19'),
(3013, 1, 10, '2018-06-19', '2018-06-20', '2018-06-21'),
(3014, 6, 10, '2018-06-21', '2018-06-24', '2018-06-27'),
(3015, 4, 10, '2018-06-27', '2018-06-28', '2018-06-29'),
(3016, 10, 10, '2018-06-29', '2018-07-02', '2018-07-05'),
(3017, 5, 10, '2018-07-05', '2018-07-07', '2018-07-09'),
(3018, 10, 10, '2018-07-09', '2018-07-12', '2018-07-15'),
(3019, 7, 10, '2018-07-15', '2018-07-16', '2018-07-17'),
(3020, 10, 10, '2018-07-17', '2018-07-20', '2018-07-23'),
(3021, 1, 10, '2018-07-23', '2018-07-24', '2018-07-25'),
(3022, 8, 10, '2018-07-25', '2018-07-27', '2018-07-29'),
(3023, 7, 10, '2018-07-29', '2018-07-30', '2018-07-31'),
(3024, 3, 10, '2018-07-31', '2018-08-03', '2018-08-06'),
(3025, 1, 10, '2018-08-06', '2018-08-07', '2018-08-08'),
(3026, 6, 10, '2018-08-08', '2018-08-11', '2018-08-14');

--
-- Индексы сохранённых таблиц
--

--
-- Индексы таблицы `courier`
--
ALTER TABLE `courier`
  ADD PRIMARY KEY (`id`);

--
-- Индексы таблицы `region`
--
ALTER TABLE `region`
  ADD PRIMARY KEY (`id`);

--
-- Индексы таблицы `route`
--
ALTER TABLE `route`
  ADD PRIMARY KEY (`id`);

--
-- AUTO_INCREMENT для сохранённых таблиц
--

--
-- AUTO_INCREMENT для таблицы `courier`
--
ALTER TABLE `courier`
  MODIFY `id` int(11) NOT NULL AUTO_INCREMENT, AUTO_INCREMENT=11;
--
-- AUTO_INCREMENT для таблицы `region`
--
ALTER TABLE `region`
  MODIFY `id` int(11) NOT NULL AUTO_INCREMENT, AUTO_INCREMENT=11;
--
-- AUTO_INCREMENT для таблицы `route`
--
ALTER TABLE `route`
  MODIFY `id` int(11) NOT NULL AUTO_INCREMENT, AUTO_INCREMENT=3027;COMMIT;
